-- MySQL dump 10.11
--
-- Host: localhost    Database: movie
-- ------------------------------------------------------
-- Server version	5.0.51a-3ubuntu5.4

/*!40101 SET @OLD_CHARACTER_SET_CLIENT=@@CHARACTER_SET_CLIENT */;
/*!40101 SET @OLD_CHARACTER_SET_RESULTS=@@CHARACTER_SET_RESULTS */;
/*!40101 SET @OLD_COLLATION_CONNECTION=@@COLLATION_CONNECTION */;
/*!40101 SET NAMES utf8 */;
/*!40103 SET @OLD_TIME_ZONE=@@TIME_ZONE */;
/*!40103 SET TIME_ZONE='+00:00' */;
/*!40014 SET @OLD_UNIQUE_CHECKS=@@UNIQUE_CHECKS, UNIQUE_CHECKS=0 */;
/*!40014 SET @OLD_FOREIGN_KEY_CHECKS=@@FOREIGN_KEY_CHECKS, FOREIGN_KEY_CHECKS=0 */;
/*!40101 SET @OLD_SQL_MODE=@@SQL_MODE, SQL_MODE='NO_AUTO_VALUE_ON_ZERO' */;
/*!40111 SET @OLD_SQL_NOTES=@@SQL_NOTES, SQL_NOTES=0 */;

--
-- Table structure for table `cinema`
--

DROP TABLE IF EXISTS `cinema`;
SET @saved_cs_client     = @@character_set_client;
SET character_set_client = utf8;
CREATE TABLE `cinema` (
  `id` int(11) NOT NULL auto_increment,
  `name` varchar(40) NOT NULL,
  `address` varchar(200) NOT NULL,
  `phone` varchar(30) default NULL,
  `workHour` varchar(20) default NULL,
  `price` int(11) default NULL,
  `discount` varchar(10) default NULL,
  `tranffic` varchar(200) default NULL,
  `introduce` varchar(200) default NULL,
  `environment` varchar(200) default NULL,
  `zone` varchar(20) default NULL,
  PRIMARY KEY  (`id`)
) ENGINE=MyISAM AUTO_INCREMENT=13 DEFAULT CHARSET=utf8;
SET character_set_client = @saved_cs_client;

--
-- Dumping data for table `cinema`
--

LOCK TABLES `cinema` WRITE;
/*!40000 ALTER TABLE `cinema` DISABLE KEYS */;
INSERT INTO `cinema` VALUES (1,'武汉环银电影城','汉口解放大道686号世贸广场8楼430032',NULL,NULL,NULL,NULL,NULL,' 武汉环银电影城是武汉市首家位于大型商场内部的影院。其总投资超过二千万元，共设有5个国际标准的放映厅，近1000个座位。','../image/cinema/200794173359.58331965_500.jpg','汉口'),(2,'湖北鑫乐银兴电影城','武汉市汉口沿江大道169号430014',NULL,NULL,NULL,NULL,NULL,'在汉口沿江大道169号，座落着鑫乐银兴影城．在沿途一派老式建筑中，它的出现，无疑是为“汉口江滩”增添了一道风景．由英国人设计的鑫乐银兴电影城，是中国城市影院第一次革命的引领者，是中国最早的城市现代化、多功能、多厅，数码技术影城之一','../image/cinema/2007112115298.68169379_500.jpg','汉口'),(3,'武汉中影天河国际影城','武汉市光谷步行街C区3楼430075',NULL,NULL,NULL,NULL,NULL,'中影天河国际影城位于武汉光谷步行街前端的光谷世界城C座三楼，是由中国电影集团，武汉市电影发行放映公司，中侨（武汉）置业有限公司共同投资兴建的一座新概念豪华多厅影城。它的建成为日新月异的光谷地区增添更加时尚的文化韵味和光影色彩。','../image/cinema/200832713132.83050270_500.jpg','汉口'),(4,'江汉环球电影城','武汉市武昌区司门口解放路464号原江汉剧场(户部巷对面)430060',NULL,NULL,NULL,NULL,NULL,'江汉环球电影城位于武昌司门口假日乐园四楼，地处江城繁华商业区。影城定位为五星级主题影城，整体风格时尚典雅。影城经营面积5000㎡，设有6个国际标准电影放映厅（1号厅360 座、2号厅146座、3号厅131座、4号厅148座、5号厅139座、6号厅64座），可容纳观众近1000人','../image/cinema/2008910145552.36525606_500.jpg','武昌'),(5,'湖北剧院银兴电影城','武昌阅马场湖北剧院内430060',NULL,NULL,NULL,NULL,NULL,'湖北剧院银兴电影城座落在武汉长江大桥与武珞路交汇处。外观构思以“黄鹤、鼓琴、歇山”为主题，是湖北省标志性文化建筑。','../image/cinema/20071120115544.88861637_500.jpg','武昌'),(6,'武汉万达国际影城','武汉市江汉区交通路1号万达商业广场C座二层',NULL,NULL,NULL,NULL,NULL,'武汉万达国际电影城---国际级现代化多厅影城。该影城在位于中山大道的万达商业广场内，毗邻沃尔玛和大洋百货，给消费者一种全新的休闲消费模式——购物、娱乐、餐饮三位一体，全面升级娱乐文化。武汉万达国际电影城建筑面积7281平方米，目前拥有9块屏幕、可以同时容纳2089名观众。','../image/cinema/2007830153142.18255516_500.jpg','江汉'),(7,'亚贸兴汇','武昌区武珞路628号亚贸广场购物中心6楼',NULL,NULL,NULL,NULL,NULL,'座位很舒服，音响也够震撼',NULL,'武昌'),(8,'武汉银兴艺术影城','湖北省武汉市武昌区东湖路三官殿1号湖北省艺术馆1楼',NULL,NULL,NULL,NULL,NULL,NULL,NULL,'武昌'),(9,'洪山礼堂','武汉市武昌区洪山路81号',NULL,NULL,NULL,NULL,NULL,NULL,NULL,'武昌'),(10,'天汇影城','武汉市江汉路118号新世界时尚广场6楼',NULL,NULL,NULL,NULL,NULL,' 天汇影城位于武汉市江汉路新世界时尚广场6楼，是香港百老汇戏院有限公司与武汉市电影发行放映公司共同投资兴建而成。天汇影城是武汉市第一家拥有6个全台阶式电影厅的电影城，共有座席536座，所有座椅全部采用美国“爱温”最新一代座椅，椅背高度达41CM-44CM，相邻两座间的扶手均可收放自如，给人以最大舒适感。6影厅全部采用德国最新式放映镜头、声光效果超一流，让观众完全融入享受电影的全新境界。天汇影城运用','../image/cinema/2008910105023.94494565_500.jpg','江汉'),(11,'武昌电影院','湖北省武汉市武昌区解放路458号',NULL,NULL,NULL,NULL,NULL,NULL,NULL,'武昌'),(12,'武汉新民众环艺影城','武汉市汉口中山大道608号新民众乐园4-5楼',NULL,NULL,NULL,NULL,NULL,'武汉环艺影城成立于1997年，它位于武汉最繁华的消闲娱乐场所新民众乐园内，比邻江汉路步行街，身处黄金地段。环艺的宣传语是“顶级影院，顶级享受”——让顾客满意、让观众物超所值是环艺一贯的追求。自开业之初，武汉环艺影城就着眼于高规格的硬件设施建设，力求高品质的放映质量，以带给观众酣畅淋漓的影音感受。','../image/cinema/200783011713.97323196_500.jpg','汉口');
/*!40000 ALTER TABLE `cinema` ENABLE KEYS */;
UNLOCK TABLES;

--
-- Table structure for table `comment`
--

DROP TABLE IF EXISTS `comment`;
SET @saved_cs_client     = @@character_set_client;
SET character_set_client = utf8;
CREATE TABLE `comment` (
  `id` int(11) NOT NULL auto_increment,
  `movie` int(11) default NULL,
  `user` varchar(20) default NULL,
  `comment` text,
  `hwhen` varchar(80) default NULL,
  `title` varchar(100) default '无标题',
  `tmovie` varchar(40) default NULL,
  PRIMARY KEY  (`id`),
  KEY `movie` (`movie`)
) ENGINE=MyISAM AUTO_INCREMENT=31 DEFAULT CHARSET=utf8;
SET character_set_client = @saved_cs_client;

--
-- Dumping data for table `comment`
--

LOCK TABLES `comment` WRITE;
/*!40000 ALTER TABLE `comment` DISABLE KEYS */;
INSERT INTO `comment` VALUES (1,52507,'Someone','	尼古拉斯.凯奇，这个演员说喜欢也谈不上，说不喜欢也谈不上，总之就是那种拍的片子好就看看，拍的片子不好就不予理会的类型。最初接触凯奇的时候，大概是《空中监狱》、《变脸》、《勇闯夺命岛》这几部电影，尤其是《变脸》给人印象深刻，他和特拉沃尔塔的表演可谓是非常出色。那个时候他拍的每一部影片都还是有一定的看点的，那时他也还算年轻，看上去也比较帅和硬朗，虽然脸长了一点。随着年龄的增大凯奇也在选片上改变着自己的戏路，《火柴人》和《天气预报员》都属于另一种风格。最近两年，他每年接的片子算是不少，什么《国家宝藏》、《天气预报员》、《异教徒》、《世贸中心》、《战争之王》、《灵魂战车》以及《NEXT》。总体看来这些电影不能算是不好，但是也没有特别突出的东西，大体上也就能保持个不怎么赔钱的票房。不知道是他老了，还是这些片子确实也没什么值得关注的东西。\n	前些天，久未在荧幕上看过凯奇的我在逛碟店的时候顺手拿了一张《NEXT》，因为同事说这个片子比《灵魂战车》好看。我想可能是在《灵魂战车》里他都没怎么露脸吧。\n	《NEXT》这部影片从一开始就会让你觉得这会是一部孤胆英雄片，国家遭受危机，某个具有特异功能或在某个领域的专家被选中去解除危机，拯救整个国家。这是好莱坞商业片的惯用套路之一，尤以灾难片或动作片为主。《NEXT》也在朝着这个方向发展，凯奇具有能预知未来一段时间内所发生的事情的特异功能，美国正在遭受核弹威胁，国家需要他，恐怖分子要除掉他。按正常思路，凯奇应该答应国家征召，与犯罪分子展开激烈角逐，最后在关键时刻利用自己的特异功能将犯罪分子一网打尽，绳之于法。但《NEXT》并未按常理出牌，凯奇在这个时候想到的不是国家，而是女人和自己的性命，他带着他的女人逃跑，另外两方则想方设法追踪，最终凯奇是为了女友而不得不帮助美国政府，期间的思想斗争相当复杂。后来恐怖分子终于还是被凯奇的特异功能所打败，这个时候结束也算是正常结局，毕竟凯奇也是普通人，一个普通的市民，要他舍小家为大家是需要一定的考虑时间。可导演到最后也没按常理出牌，凯奇突然惊醒，原来这一切只是一场梦，受到梦的启发，他才向犯罪分子宣战。最后凯奇醒来的镜头着实令人大跌眼镜，还好我不戴眼镜。\n	整部影片思路都比较混乱，因为凯奇拥有的特异功能是预知未来，能看到未来，所以很难看出屏幕中的场景是现在的还是未来的，何况后面还有梦里的。十分令人头大。而且直到影片结束才会知道这只是梦境，让人在回味的时候更摸不着头脑，难道发行商想逼大家多看几场不成？说道这里让我想起了前一段时间看的丹泽尔华盛顿的《时空线索》，当时看那个的时候就差点没整明白怎么回事，《NEXT》和它比起来更是有过之而无不及。\n	凯奇在片中的表演没有什么突出，不知道是因为其年龄大了还是导演的特意安排，片中的他始终眉头紧锁，且让人感觉一直处于疲惫状态，这就更加重了其很衰的面部表情。（年轻的时候看着还行，越老越满脸衰像了）不过这到让人为其捏了一把汗，到结尾才大大的松了一口气，影片的节奏也是如此，快速紧密。女主角杰西卡贝尔一如既往的花瓶，不过我就纳闷了，除了胸大点，她哪里还有当花瓶的资格？同样叫杰西卡，人家阿尔巴可是施华洛世奇级别的，而贝尔同学顶多是个宜家货。朱利安摩尔更是出演其擅长的角色类型，在去年的《人类之子》中她扮演的就是一女性领导，这里只不过从非政府组织变成了政府重要机构，对于她来说简直是小菜一碟。至于反派角色没有给人留下任何印象，纯属聋子的耳朵。\n	不知道凯奇下一部还会接个什么片子，希望他快点醒来，不要再做梦了，在“退休”之前给我们带来一些惊喜，甚至是一部经典。\n','2007-07-03 11:19','《NEXT》：尼古拉斯.凯奇的一场梦',NULL),(2,52507,'基督山伯爵','	今年对尼古拉斯·凯奇来说应该是失败的一年，他的两部新作《灵魂战车》和《关键下一秒》的反响都不容乐观。尤其是《灵魂战车》这部电影，差到有评论称它为“一亿美金堆积出来的垃圾”。但是与〈灵魂战车〉的恶评如潮相比，〈关键下一秒〉似乎要好那么一点。其实在我看来，这两部电影都证明了尼古拉斯·凯奇并不适合演科幻类电影。\n	在影片〈天使之城〉中，我第一次记住了尼古拉斯·凯奇这个演员，一个有着深邃眼神的天使。这个被商业片所包围的男人不但有着科波拉家族的优秀艺术血统，更重要的在于他可以把握生命中的每一次机遇来大红一回。〈THE ROCK〉、〈FACE/OFF〉、〈SNAKE EYE〉、〈WINDTALKER\n	>\n	都是叫好又叫座的优秀电影。今年两部大片的落空实在是让人难以相信，那个我们熟悉的尼古拉斯·凯奇难道就这么没落了吗？\n	如果说《灵魂战车》的失败是人们对漫画英雄的审美疲劳的话，那么《关键下一秒》的失败则是彻头彻尾的剧本问题。说实话，我还真的从来没有见到过像《关键下一秒》这样愚蠢的电影。一个女警察认定了一个拥有超能力的魔术师可以拯救世界，为此而不去认真追查那些已经流入国境的核弹，只是寄希望于这个魔术师可以合作点。剧情简直愚蠢透顶。\n	尼古拉斯在片中的以魔术师的身份出场，而他的那些魔术的特点也仅仅是预知未来两分钟里将要发生的事情，还有就是老套的变两只白鸽出来。没有任何新意可言，而且他表演的那个酒吧也是人烟稀少，搞不懂是怎么出名到惊动FBI的。\n	全片中比较出采的一场戏或许就是开头的赌场逃亡了，但也仅仅是看的时候觉得精彩，看过之后没有丝毫回味的感觉。\n	朱里安·摩尔这样的雀斑美女在影片中似乎只是一个配角的地位，而那个没什么名气的丑女却在影片担当了一个几乎是女一号的地位，看着帅帅的尼古拉斯·凯奇为那么一个女子倾倒，真的说不出当时心里是种什么样的滋味。\n	最让我恼火的就是整部影片看完的那一刻，居然发现后面那么一大堆的情节都是尼古拉斯·凯奇饰演的这个魔术师躺在床上饱着那丑女预见出来的，真是汗呐。那一刻我有一种被欺骗的感觉。\n	影片中的许多场面也是可笑至极，比如魔术师先生带着警察到处冲锋陷阵，人家警察人手一把机关枪，外加防弹衣层层包裹，而魔术师就那么一件夹克，在里面有节奏地到处走动。最后甚至还玩起了分身术，关于分身术的这个镜头，那一刻我真的是想砸电视机了，怎么看怎么觉得傻，天哪，都不敢回想我当时是怎么看完这部电影的了。\n	从一开始影片就交代了，凯奇先生只能预知未来两分钟内将要发生的事情，然而影片整个后半部分完全都是他预见的，这显然超出了两分钟的时间范围。为此编剧加了一点，说的是凯奇可以预见那个女子的未来，所以只要有那个女子被恐怖分子绑架这件事情发生，他就可以追踪那些恐怖分子。但是……请大家注意这最关键的一点……最后凯奇为了保护这个女子不被恐怖分子绑架而决定帮助FBI寻找核弹，这里暗示了接下来这个女子的未来已经被改变了，就是说她不会被卷入这场事端之中。那么既然这个女子没有被卷入这场事端之中，凯奇先生又可以通过什么办法来预见这些恐怖分子下一步的活动呢？显然没有办法！\n	剧本到这里已经是残破不堪了。因为这个剧本讲述的是改变未来的故事，而事实上未来是没办法通过预知来改变的，任何尝试都将导致漏洞百出。作为一部科幻电影，这个剧本真的是差的可以。\n	此外我要讲一下尼古拉斯在这部电影中的邋遢造型，这个长发飘飘的凯奇似乎只有在《空中监狱》中的牢房里看到过，当时那长发造型与角色完全符合。在这部电影里，就明显有问题了。因为魔术师这个职业的要求就是注重仪表的，而不能那么随意，否则魔术没效果的。（笔者也会玩魔术，所以请相信我。）\n	总之《关键下一秒》这部电影就是差字当头，剧本差，导演差，美术效果差。唯一值得夸奖的就是那个汽车翻下山坡的镜头而已，仅此而已。\n	一两部作品的差说明不了什么问题，尼古拉斯·凯奇依然是我心中的优秀男演员。期待他的新作，我坚信下一部作品会是他的回归之作。正如片名所说的：next！\n','2007-07-24 22:34','剧本垃圾，落魄英雄难救《关键下一秒》',NULL),(3,52507,'iris','	 又是Nicolas Cage的一部...片——我不想用“烂”字来形容，但又确实不能说是好，唉~再次浪费了Nicolas Cage，顺带还浪费了一向神经质但很特别的Julianne Moore。\n	 Mtime的剧情介绍里说：“一位有预知能力的颓废魔术师告诉你，能够事事掌握先机的人，就是生活中的胜者。”——这句话我深深地怀疑。看过这部电影，如同其他包含预知未来、或是时光倒流的电影，都说明了人并不能通过改变时间来完全掌握事情的发展（或者可以严重点说成是：不能改变/掌握命运？？）因为你的每一个行动，就会牵一发而动全身，如同“蝴蝶效应”一样。虽然这样说来有点悲观的“宿命论”倾向，但事实确是人可以通过努力改变一些事情、但永远不可能是全部。\n	 电影有很多地方都说不太通，例如整群FBI放弃了其他努力的途径，把希望完完全全寄托在一个能预知未来两分钟的人身上？意思是暗指人的无能吗？两分钟的预知，仅仅是两分钟，就能完全代替其他所有人的能力？？大费周章漫天撒网去强迫一个合法的公民来做原本该是FBI责任的工作，就因为对方有点异能？先不说这是侵犯一个公民的权益，要是FBI把花在这个上的精力和心思花在追踪核弹头上，搞不好早就破案了~更别说谁都不能保证他的预知能力的正确率、或是能持续的时间了。\n	 我很不喜欢电影里老是出现一堆状似发生着的事情、然后下一秒才知道这只是预知者脑中的其中一种可能；开始几次时还ok，但当这样的情形三不五时地出现时，确实有点惹恼我了，因为感觉被愚弄了（我承认，我是很敏感的）！最离谱是最后一切都回归到开始，这位一心想过平淡生活的预知者“幡然醒悟”、决定要肩负起拯救几百万人的责任，真是有够突兀的！！相比之下，我更喜欢《蝴蝶效应》里，最后到娘胎里掐死自己的桥段，虽然很悲观，但是起码没有那么矫情~~\n	 Nicolas Cage...现在对你真的越来越恐惧了-_-\n','2008-11-08 00:12','生命？宿命？',NULL),(4,11183,'赵炳然','	除了技术优势，再无亮点。\n','2007-09-02 21:46','对电影《极地特快》的一句话点评',NULL),(5,11183,'princess83','	喜欢片中的音乐！ \n','2008-08-08 01:20','对电影《极地特快》的一句话影评',NULL),(6,11183,'suki Yan','	7\n	.8\n','2007-12-02 18:57','圣诞节快乐~',NULL),(7,45897,'柏拉不图','	十篇《梅兰芳》的影评，有九篇要把《梅兰芳》和《霸王别姬》相比，比的结果肯定是《梅兰芳》不如《霸王别姬》，从而得出了两个结论：第一，陈凯歌老了，疲态尽显，霸气全无，气数已尽，该像十三燕一样，退出历史舞台了。第二，如果这片子让哥哥来演，效果肯定不一样，至少恶评的数量要少很多，而那些为《梅兰芳》叫好而末了也要把“黎明扮演梅兰芳”这一条单独的拿出来批判批判——仿佛不在《梅兰芳》里找出点缺点，人家就会把他当作陈凯歌的枪手似的——的影评，就真的认为它完美了？\n	总而言之，仿佛是这样的逻辑：《霸王别姬》是完美的，《梅兰芳》是有缺点的，缺点就在黎明扮演梅兰芳，如果让哥哥来演梅兰芳，《梅兰芳》就完美了，甚至要超过《霸王别姬》。事实真是这样么？\n	果真如此，那么陈凯歌就真的是很可悲，靠一个演员来挽救一部电影，对一个导演来说虽不能算是耻辱，但至少也是可悲的。我相信陈凯歌不是这样的导演，大家都知道，在中国的导演里，他是出了名的严谨，细心，严谨到影片中的一个细节他都不会勉强为之，否则他也不会让王学圻拍了36条都不过。如果观众看得仔细，影片中很多不为人注意的细节他都要用心处理，比如邱如白劝说孟小冬离梅兰芳那一段，邱如白说完话之后，背景声音用了风铃，那种风铃的声音就像警铃一样的在孟小冬的脑海中敲着，对细节都如此关注的导演，他怎么会对自己影片中的主角的选择留下这么大的一个“败笔”呢？\n	这显然不是一个“败笔”，我们都说《梅兰芳》的第一段好看，的确，我也觉得很好看，好看的原因是因为这一段里有“斗”，明目张胆的“斗”，有戏剧张力，余少群戏剧演员的身份给这场“斗”锦上添花，这当然黎明是演不了的。后面几段，陈凯歌将梅兰芳的焦点转移了，不是在京剧本身上而是在生活和事业上，就像我们不能想象黎明演第一段的梅兰芳会是什么样子，我们同样不能想象余少群演后面几段的梅兰芳会是什么样子。\n	其实一开始我也认为黎明演的梅兰芳太面，太懦弱，除了梅葆玖我们都不知道真实的梅兰芳什么样子，梅葆玖对黎明是肯定过的，如果玖爷真的是碍于面子，那我们看看来自梅兰芳研究专家李伶伶的话：“由于梅家三代在舞台上饰演女人，梅兰芳的性格柔弱而温和，不急不躁不怨不怒，永远的彬彬有礼谦和从容从善如流。”看了这一段，觉得黎明演得像吗？再看这一段：“梅兰芳儿时不仅木讷而且内向，他经常受到同学的欺负，常常因背不出《三字经》、《百家姓》之类而被先生惩罚、打手心。其实他小时候完全没有超出同辈的机敏和灵气，长得也不是特别讨喜、可爱，一张胖嘟嘟的脸，细长的眼睛，厚厚的嘴唇，宽阔的脑门，表情经常木然，就连他的大姑母都用‘言不出众，貌不惊人’”，看完这段后，你觉得余少群演得像吗？\n	有的人可能要说了，那是因为哥哥不在了，所以陈导只能退而求其次，选择了黎明。我只能说，你们喜欢的是哥哥，不是凯歌。如果《霸王别姬》不是哥哥演得，有几个人会说它好？难道这个世界上除了哥哥真的就没有人能演梅兰芳，如果让哥哥来演梅兰芳真的就会超过黎明吗？\n	哥哥如果活到现在的话，也有52岁了，他比黎明大十岁，如果哥哥活到现在，我还真不希望他出演梅兰芳，因为大家心里都很清楚，这是个出力不讨好的角色。现在哥哥在我们脑海中的音容笑貌依然是03年之前的样子，年轻，沉稳，魅力十足，甚至是他演《霸王别姬》时的样子，那一年，他才三十七岁，更加年轻，我们如何能拿那个时候的哥哥和现在的黎明比呢？如果说《梅兰芳》里一定有纸枷锁存在的话，那这个纸枷锁首先就是《霸王别姬》，《霸王别姬》是陈凯歌的纸枷锁，《霸王别姬》里的哥哥就是黎明的纸枷锁。\n	《梅兰芳》的问题究竟出在什么地方，大概是出在观众已先入为主的把梅兰芳定性了，梅兰芳是谁？梅兰芳是大师，大师应该什么样子？气宇轩昂，英姿飒爽，举手投足，卓尔不群，这才是大师，“面”不是大师，大师也不能软弱。同时，它的问题更出在陈凯歌身上，他不肯按照观众的定性来塑造梅兰芳，他只想还原一个真实的梅兰芳，结果人物是还原了，可是剧情还是很戏剧化，所以大家觉得这部片子好看，好看的别扭，别扭就别扭在这个真实的“梅兰芳”身上了。\n	纵观陈凯歌的电影，发现他有个癖好，就是对艺人题材很感兴趣，从《边走边唱》到《霸王别姬》，从《和你在一起》到《梅兰芳》，在其他的电影里也偶尔会出现一两个民间艺人的角色，可能他从小在这个圈里，知道这圈里的酸甜苦辣，从而折射到他的电影里，有一种迥然不同的感觉。采访中，他说梅兰芳实际上是一个被媒体和大众绑架的人，所以我又想起了电影一开始就出现的且贯穿影片始终的那个纸枷锁，对于梅兰芳本人和《梅兰芳》这部电影来说，最大的纸枷锁是谁？就是观众，就像当年的梅兰芳一样，他的纸枷锁就是台下的那些座儿。\n	所以，孟小冬一再对梅兰芳说：“畹华，不怕”。这大概也是影片开拍以来，陈凯歌和黎明一直对自己说的话。不过，陈导也很聪明，提前给自己找好了一个台阶，因为“输不丢人，怕才丢人”，此话半句为《无极》，半句为《梅兰芳》。\n','2008-12-11 22:05','[梅兰芳]：你们喜欢的是哥哥，不是凯歌',NULL),(8,45897,'麻绳','	 \n	《梅兰芳》对于陈凯歌是不容有失的一部电影，他必须要证明自己还是个在艺术上有追求的人。看完以后，基本上觉得陈凯歌完成了这个自我救赎的任务，但当年《霸王别姬》的才情和霸气已经一去不复返了。 \n	我相信陈凯歌不愿意人们拿《梅兰芳》与《霸王别姬》相比，因为虽然题材类似，但整体的创作环境和心态都是不一样的，对人物和情节的把握也想去甚远。但纵观整部《梅兰芳》，这可以说是一部《霸王别姬》阴影下的影片，最直观的，影片结构基本上就是《霸王别姬》的翻版，《霸王别姬》是童年、成年和建国后三大段，《梅兰芳》是少年、梅孟恋和蓄须三大段，所不同的是《霸王别姬》的三段式人物的走向是连贯的，层次递进的感觉，而《梅兰芳》三段是相对独立的，只是用梅大伯的信加以连贯，前两段还有“输不丢人，怕才丢人”和“畹华，不怕”这样的标志性台词彼此呼应，还有整体的感觉，可到了第三段，这种结构上的连接就出现了断裂，片尾处陈凯歌试图通过大伯的信和十三燕要梅兰芳提高戏子地位的嘱托来与前篇呼应，但已经很牵强了，这个事件的选取是很失败的。试想一下，如果最后这一段换成是建国后梅兰芳的处境和遭遇，这会是怎样的一种主题升华，但《梅兰芳》做不到，这不是陈凯歌主观上不想这么去做，而且客观上许多不可说又不能不去面对的因素让他必须放弃许多创作初衷，我觉得这可能将是陈凯歌抱憾终生的一件事。\n	 很多人说《梅兰芳》的第一段落最好看，尤其是梅兰芳和十三燕打擂的那一段。其实我倒没觉得，那个打擂被处理得很含糊，看起来像儿戏一样，胜负的因果和交锋的感觉没有被真正呈现出来，以至于最后十三燕被砸了场子，这里的悲剧色彩也没有被很淋漓地烘托出来，枉费了那个从台上的《定军山》摇到台下的一片狼藉那个本来应该很震撼的镜头。五爷为什么不要十三燕演最后一场？十三燕怎么倒欠了五爷的钱？这点电影没讲清楚，至少是讲的没有说服力。这个拼死一搏的代价没有说清楚，悲剧的力量就打了折扣。\n	 个人最喜欢的倒是第二段。而这一段成功的最重要因素是章子怡的成功。 \n	 很多人认为这部戏里表演最成功的扮演邱如白的孙红雷，我倒不这样认为。其实这里大部分角色的表演都是往过火了演的，像邱如白这样外部动作和心理走向都很有戏剧性的人物是更好把握的，而孙红雷也一直擅长这样的过火式表演。包括王学圻扮演的十三燕，这是我们在日常生活中很难见到的人物类型，爷怎么演怎么有理，只要看着够屌就可以。\n	 而章子怡扮演的孟小冬是一个女须生，这样的角色很容易演得很假，或者是做作的男人婆的感觉，但章子怡演得很松弛，与黎明第一场清唱的《梅龙镇》真是好看啊，表情身段都十分可爱，后面台上的扮相也十分俊朗。章子怡扮演的孟小冬，将掩藏在男儿气概下的女儿心绪演绎得层次分明，我以为这是章子怡从影以来最出色的一个银幕形象。听说她还准备筹拍《孟小冬》，确实是很让人期待的一件事。 \n	 在影片中正面表现梅孟恋，对于梅家后人来说也算是一种气度吧。据说黎明也是梅家钦点的演员，很多人说如果张国荣还活着，这个角色非张国荣莫属，我倒觉得不一定。看影片中的黎明，和梅兰芳本人倒真是神似，梅家肯定不希望在银幕上看到一个如程蝶衣般妖娆的梅兰芳的，从剧情上看，梅兰芳是一步步被外力推上风口浪尖的，起本人应该是个相对木讷和被动的人，而黎明略显呆滞的表演，和梅兰芳本人的性格应该更贴切些，而后来梅兰芳面对日本人军刀所表现出的绵里藏针的镇定和坚毅，也更显力度。\n	 不知道陈凯歌拍《梅兰芳》与梅家人做了多少的妥协，要不然这电影不会是现在这种温吞的样子。陈凯歌抑制激情的后果，就是整部电影看下来虽然不过不失，但却显得匠气十足。在十三燕的后台有一面大大的镜子，梅兰芳本人也有在镜子前的戏，镜头有意地强调这种镜像，按照拉康镜像原理的理论来说，这是突出人物分裂的人格，十三燕的外表的强悍和内心的惶恐，梅兰芳外表的沉静和内心的欲求，这给许多以符号学为理论依据的学术影评人和电影学者提供了充分的宣泄出口。邱如白在匿名在电台发布梅兰芳复出的消息后到上海请罪，梅兰芳、冯子光和邱如白在楼梯上从上到下的站位，与之前在美国演出时楼梯上的一场戏的站位形成鲜明对比，那时邱如白是站在最高点的，俯视着梅兰芳和冯子光。类似这样的设计影片中还有很多，这也是让这部影片显得匠气的地方，常规的一目了然的手法，一眼看过去就知道导演要表达什么意思，这些手法四十年前用是大师，现在用就是个迂腐的电影匠人，从这些地方也可以看出陈凯歌的没落。我想念《黄土地》中的那个场面，安塞腰鼓从遥远的地平线渐渐走近并最后飞扬跋扈地挣破整个银幕，当时能设计出这样的镜头的陈凯歌，是在用摄影机传达自己的电影理想。 \n	 面对影片的传主，陈凯歌是谦卑的，因为这个文化符号过于强大，更有无数相关人员在后面设置的雷区；面对观众，陈凯歌同样是谦卑的，他要借这部电影来赢得观众的再次认可，以挽回他中国电影领军人物的地位。对于这样的走在自我救赎之路上的陈凯歌，我可以想象他在创作这部电影时所承受的压力。但是《霸王别姬》的辉煌和才情，恐怕是永远地远离他了。\n	 突然想到好像陈凯歌拍摄这样一部电影的必然性，那里面人物所面临的很多境遇不也是他所需要去面对吗？“输不丢人，怕才丢人！”但是，他还输得起吗？\n','2008-12-05 13:42','《梅兰芳》：谦卑的自我救赎',NULL),(9,45897,'>性<','	 \n	陈凯歌新片《梅兰芳》上映未久，围绕这部影片的褒贬誉毁便已成为坊间热议。不论如何众说纷纭，人们的嘈杂争鸣中大抵也有一些共同的声音。比如，有人觉得影片后面半部不及开头三分之一精彩迷人，戏剧张力似有不足；也有人认为，主人公梅兰芳的人物形象塑造和性格挖掘，不及十三燕、邱如白和孟小冬等配角，使得全片在人物布局与性格剖析的笔墨浓淡上有失均衡。甚至有人说，如果把人物关系看成一场乒乓球赛，那么，进攻的一方似乎总是几个配角，而作为主要人物的梅兰芳，往往只处在勉力推挡的守势，难以让人清晰触摸到人物内心的挣扎与彷徨。其实，此种失衡与断裂，都可归入同一问题，亦即如何看待人物传记片中“虚构的合法性”问题。\n	 \n	传记片应具备历史和艺术的双重品格。历史专于记事，艺术长于写情。历史需要脚踏实地，艺术需要展翅飞翔。作为史述，传记片必须尊重客观历史事实，写人记事必须于史有据，时间、地点、人物，前因后果、来龙去脉切忌胡编乱造，无中生有；而作为艺术，它又要求发挥艺术家的主观创造性，用个性化的眼光，穿透历史的坚硬外壳，去触摸历史人物的生命律动，去剖析他们的思想纹理，与古人先贤展开一场跨越时空的心灵对话，对历史事件和历史人物作出与众不同的艺术判断与审美诠释。在具体创作过程中，二者的关系有时很难把握，这便在真实与虚构之间造成了一种两难，往往让创作者在二者之间徘徊莫辨，进退维谷。\n	 \n	一般而言，一些文献上有明确记载、当事人能提供充分证据的历史细节，通常不会给创作者留出太多虚构空间。而有些历史文献语焉不详，当事人、见证人说法不一的史志空隙，往往就成为创作者施展创作才华和想象力的广阔天地。尤其在人物性格、意志、心理和情感刻画方面，才能真正扬艺术所长，补史志之短。作为艺术的电影，与其像历史教科书一样，用一种冷峻客观的笔触去再现历史人物的侧影，毋宁用一种激情澎湃而又逻辑清晰的视听语言，去勾勒人物性格延伸的轨迹，为人物思想活动和深邃的内心世界提供一种感性、生动，却又视角独特的美学阐释。\n	 \n	《梅兰芳》一片之所以会出现本文开论及失衡与断裂，问题倒不是出在剧情与历史真相有多大出入上面，相反，似乎在对梅兰芳这个历史人物进行深入剖析与个性化阐释方面，没有为作者赋予足够的挥洒空间。观众何以会觉得影片开头，年轻梅兰芳与老戏骨十三燕对擂斗法一段精彩纷呈，实乃是因为这一场于史无凭，完全是艺术虚构的产物。这反倒便于陈凯歌摆脱史实规约，在想象的天空上飞翔了起来，借助一种高度戏剧化的冲突逻辑，赋予这段故事以一种“梨园传奇”的美学品质，为观众带来一种挥洒自如，酣畅淋漓的视听享受。而后几段“梅孟之恋”、“赴美演出”、“蓄须明志”却大抵因为于史有凭，才不得不远离传奇，回归正史，而难免在人物内在动作的勾勒上处处如履薄冰，丝毫不见了第一段那种风神顾盼、无所顾忌的自由与豪气。\n	 \n	人物关系布局上亦复如此，与梅兰芳相对比较严格地受制于历史真实不同的是，十三燕和邱如白两个角色，基本上是在多个历史人物原型基础上集中融会、放手务虚的产物。因而这两个角色在剧情中尽处于“进攻”的态势，以一种挥洒自如的性格演绎，不仅博得观众一致喝彩，也在戏中抢尽了男主角的风头。\n	虚构的合法性还涉及创作者对历史人物进行个性化阐释的自主性问题。\n	传统上，我们总是习惯于用一种大一统的眼光来考量历史，人为建立对历史的权威叙述和众口一词的公共记忆。在这种传统氛围中，任何个人记忆，任何对历史的另类视角，以及任何对历史的个性化阐释都会受到主流的排斥。在这种氛围中，我们的史述文本难免给人一种高度趋同化的刻板印象。然而，陈凯歌此前的《霸王别姬》即是一个另类。影片中的程蝶衣，终其一生执着于舞台角色，为了艺术可以不知秦汉，无论魏晋。这与传统中国知识分子与家国天下的紧密勾连，与“位卑未敢忘忧国”的儒家入世思想尽显天壤之别。在正统文化中，没有什么可以先于民族大义，而在程蝶衣那里，艺术却是超越一切的，包括可以超越抗日救亡的时代大局。这就不可避免地把他自身的命运推向了逆时代潮流而动的悲剧深渊。尽管我们并不赞赏这个人物的价值立场，但作为一个戏剧性格，他却因此而获得了一种卓尔不群的美学独特性。在程蝶衣身上，我们发现了陈凯歌游离主流文化企图，陈凯歌也因程蝶衣，完成了一次对人文知识分子独立人格神话的重塑。\n	这使得陈凯歌在当下的文化舞台上，扮演了一个鹤立鸡群的异类角色。\n	 \n	而与此相比，梅兰芳则无奈地回归了主流。他的托病辞演、蓄须明志，向人们展现了一个深明大义的艺术家的高尚人格。而将他自身以一个伟大爱国者的姿态呈现在观众面前。然而，比之于影片最后那个遭到千人鄙视、万人唾骂的邱如白，梅兰芳身上的悲剧感和性格魅力却不免单薄了许多。\n	 \n	中国传统上历史片、传记片创作一向比较薄弱，究其内里，问题大概出在人们被各种现世的政治、文化、伦理与商业功利所扭曲的艺术观上面。它们在传记片创作者面前设置种种障碍，使得传记片写作即无法还原历史真相，也不能凭借创作者的主观视角，对历史提供独特的解读和诠释。此次《梅兰芳》背后的陈凯歌，依然退缩到这样一个狭小、局促的文化角落，步履维艰地跳着戴枷的舞蹈。这一点，似乎正与影片中那位无法挣脱精神纸枷的梅兰芳颇有几分神似。\n','2008-12-10 15:46','挣不脱的枷锁：评《梅兰芳》兼论虚构的合法',NULL),(10,84647,'麻绳','	 我想之所以现在看了《非诚勿扰》之后还有人给冯小刚叫好，不过只是基于对他的迷信的惯性，还没有看穿他那件皇帝的新衣而已，总有一天，观众会发现冯小刚其实早就开始裸奔了。\n	 还真是佩服冯小刚在中国电影观众中的号召力，昨晚去看《非诚勿扰》，赶上周末，电影院里人山人海，排队买票就排了一个小时，最后还只买到一个小时以后场次3排的最边座。这里应该有很多慕名而来的，也可能会有被看过的朋友忽悠来的。在这里我就不忽悠大家去看了，因为这部电影让我对冯小刚的职业道德和业务水平产生严重质疑，我真想问一句：冯小刚，你还会拍电影吗？ \n	 看电影的时候影院的笑声很密集，特别是前半部分，笑点集中在葛优的对白身上，只要葛优开口，说什么观众都笑，这个心理暗示作用太强大了，大家似乎是觉得我们是在看冯小刚拍的贺岁喜剧片，所以我们必须要笑，即使不好笑皮笑肉不笑我们也要笑，不笑就对不起那电影票钱，不笑就不是在看冯小刚喜剧电影。于是才开始我也跟着其他观众笑了几次，但很快我就觉得不对劲了，这种肉麻当有趣的过时东西没什么好笑的啊！\n	 我原来曾经说过，让人哭不代表这就是部好电影，但让人笑也未必是一部好电影，因为笑能分为主动的会意的笑和被动的被胳肢的笑，这是有本质区别的，而冯小刚在《非诚勿扰》中所制造的笑料，基本上都属于后者。\n	我很遗憾地发现，冯小刚驾驭语言的水平依旧停留在十多年前王朔小说的水平上，那种抖机灵式的调侃不会是一个正常的人物在生活常态下所能说出来的。且不说我们总听这样的语言会产生的审美疲劳，这样的语言的大量出现，会造成一种间离效果，观众不会觉得这是人物在说话，只觉得这是葛优在说话，是葛优在说编剧导演苦思冥想之后给他安排好的台词，观众入不了戏，我们不是因为剧中人物而笑，而是因为演员本身在笑。这就像我们在看小品，看的时候我们不会在意小品中的人物，而只在意这是赵本山，这是宋丹丹，这是范伟，这是由小品这种艺术形式的自身特点决定的，15分钟的节目，每30秒钟要让观众笑一次，没时间全面交代人物，只能依靠演员本身给观众的审美惯性迅速制造笑点，但一个小品连演两个小时看你还笑得出来吗？喜剧电影不是这么拍的啊，需要把观赏者代入到人物中去，让观众融入到情节中去，要是一部电影总是在提醒观众演员和导演的工作，这电影就成了一个灾难了。更何况你的语言也比不上人家赵本山的小品和郭德纲的相声，我何必去看你啊？ \n	 我上一篇日志刚说了关于很多喜剧侮辱观众智商的问题，其实我在那篇文章里本来还想说，在中国的喜剧导演中，冯小刚在拿捏这个分寸方面是做得比较好的，但到了《非诚勿扰》，我发现冯小刚彻底露馅了，里面大量的情节设置都是在把观众当白痴的。\n	这部电影的情节的起点是葛优扮演的秦奋卖了他发明的那个分歧终端机给范伟扮演的风投商人，你觉得这么个东西卖200万英镑可能吗？这个投资商要傻成什么样能买这个啊？（范伟的喜感还是来自于他的药匣子口音，冯小刚啊，你太没创意了吧？）一个人发明这么个东西来高价出售，这人不是精神病也是偏执狂。也就是说这个情节是不成立的。不过不成立也没关系，喜剧允许荒诞，但要风格统一吧？既然你开始荒诞了你就荒诞到底，可到后来又很正常地讲起现实世界的事情了。发明那么个不靠谱的东西去卖专利的人，能有后面那一系列充满智慧充满人文关怀又深情款款的举动吗？一点说服力都没有啊！（很有趣的是在片尾字幕中该专利的发明者署名给了彭浩翔。）\n	 再说那些来应征的人们，同性恋、老年痴呆症、性冷淡、要他到深山老林里倒插门的、给肚子里的孩子找后爹的……这个世界太疯狂了吧？你拿一些发生率几乎为零的事来逗我们笑，我只有两个字给你——拙劣！而且你要是有能耐把不可能变成可能也是你的本事，可最后不可能还是不可能，你拍了这一堆除了胳肢人有什么意义？是有助于刻画人物还是为了揭示社会现象？可能当时观众会笑两声，但过后一想，这不就是扯淡吗？而且还是瞎扯淡。卖墓地那个稍微靠点谱，但说两句话观众都知道那人要干什么了，完了还在那儿故弄玄虚地展现那么半天，以为是多大的一个包袱呢，这在一部电影里就属于冗余信息，让人厌烦，而且这样的情节也太老套了，说实在的，五年前我给一个电视栏目写短剧的时候就用过这个情节，只不过那个是卖保险的。据说这部电影的灵感是来自于陈国富的《征婚启事》，那是一部我很喜欢的电影，其实两相对比一下就能看出端倪，《征婚启事》里面刘若英面对的应征者尽管性格各异，有的也有怪癖，但都是在现实生活中有迹可循的人物和事件，我们有认同感，这应该是现实市井喜剧的基础吧？\n	 还有在北海道教堂忏悔那一场戏，这样洒狗血的段子冯小刚都能编出来？还当个重场戏来拍。神甫都走了葛优还坐在那里说，太烂的情节了啊！这个人物一会儿精明一会儿弱智的，这电影还能看吗？而且为了铺陈那个时间很长，就设计了在教堂外面舒淇扮演的梁笑笑和邬桑的乏味对话，为了解释一个错误而犯了更多的错误，彻底地把这场戏变成了垃圾。还有就是让葛优带活动面具和穿熊衣，纯粹是为了出洋相而出洋相，都是很低劣的搞笑手段，而且完全与主线情节脱离。这电影要是去掉这些垃圾笑料，剪掉半小时应该还能看。 \n	 我不知道这部电影如此多的败笔是由于冯小刚缺乏诚意还是水平有限，冯小刚作为本片的编剧，最大的问题在于结构和节奏。让《非诚勿扰》显得很愚蠢的是这部电影基本上是由连篇的对话组成的，一场接一场的对话看得我几乎要崩溃，我想象一下这电影的剧本是什么样子的，应该每场戏就是交代一下时间地点之后就开始甲说乙说甲说乙说一直到自后，而且这些低效率的对话分布均匀，没有递进，对情节的推动力也很有限，这让这部电影像极了一部电视剧，比《画皮》还像，而且还是个情景喜剧。如果是编剧系的学生写出这样的电影剧本来，应该是要被老师判定不及格的。秦奋第一次和梁笑笑喝酒时讲述前史的那一段冗长的陈述，他讲述的故事真不是一般的乏味和矫情，可能冯小刚也意识到这里叙述的无力了，于是让葛优做痛哭流涕状，这是一段看得我浑身起鸡皮疙瘩的一段，因为实在是太别扭了。情节根本就达不到那样的情绪，就看葛优在那里面目扭曲地挤眼泪，我还以为后面有什么噱头，但看到最后就是这么一场滥情戏，说悲情不悲情，说好笑不好笑，我不知道在这里冯小刚是想让观众笑还是感动，笑吧，毕竟在说一件挺悲惨的事，感动吧，看着葛优那样子观众怎么可能感动得起来呢？冯小刚，你到底要干嘛？\n	 其实这部电影的男女主人公的设定很像冯小刚早期的作品《不见不散》，而且我也觉得那是冯小刚的贺岁电影中叙事最圆熟的一部，至少是在用故事来展现人物的。我是没数《非诚勿扰》中葛优和舒淇泡了多少次茶馆和酒吧，聊了多少次天，一部完全靠对话而不是动作来推动情节的电影只能说是一部无能的电影，也许有人说是有这样的全片对白的电影的，但这是一部商业片，是给人制造兴奋的，你从头到尾地聊天，我费那个劲跑电影院里去干嘛啊？其实对话多也没关系，拍摄的时候稍微有点技巧好不好？森田芳光的《宛如阿修罗》，里面对话的场景也很多，但他在拍对话的时候，镜头始终是运动的，从来不用没有技术含量对切和反打，巧妙地揭示了人物关系和内心归属，看起来毫无枯燥的感觉；周防正行的《即使这样也不是我做的》，里面大段的法庭戏，全是对话，但完全是靠镜头调度和画面构图的表意功能来将其中的心理紧张程度推到顶点的。而在《非诚勿扰》里呢，所有的对话全是最白痴的处理方法，交代人物关系，然后就是对切和反打，基本没有画面内的调度和镜头的设计，枯燥到了极点。本来就是一个无聊的剩男剩女寻求感情依托的故事，一无新意二无技巧，一直到最后我也没看出这两人在一起的必然性。还有就是最后梁笑笑跳海的情节太傻了，而更无厘头的是居然还恰巧被过路的渔民救起来了，这么肥皂和勉强的情节，我还以为只有在琼瑶剧里才能看到。这电影实在不值得去贡献票房，自己在家看DVD吧，什么也损失不了。\n	 作为一个自己熟悉的题材和风格，冯小刚所表现出来的对影片内容和形式的失控让我觉得不可思议，感觉他是在很勉强地把一些电影元素用最初级的方式捏合在一起，但实际上整体的内容和形式是割裂开的，比如音乐。一直认为在中国的导演中，冯小刚对音乐的理解和运用还是比较出色的，但在《非诚勿扰》里，音乐基本上是游离于画面之外的。片名过后第一场约见应征者的戏，配的是杨坤唱的一首英文歌，不知道这里的运用有什么用意，杨坤的半吊子英语即使是在唱歌的时候也很别扭，冯笑笑在日本跳海，配的却是尚雯婕用法语演唱的歌曲，莫名其妙啊！在《天下无贼》中开篇用的也是小野丽莎演唱的法国香颂，但在那里觉得音画还算和谐，到是《非诚勿扰》就显得很生硬了。冯小刚是不是以为用点非中文歌曲就有助于提升影片的格调呢？真是可笑。通篇的音乐都存在这个问题，根本没有起到推动情绪升华剧情的作用，我回忆不起哪一段音乐的运用打动过我。\n	 影片中反复出现的画面是那条蜿蜒漫长的公路，是要代表主人公未知的命运吧，这样的意向运用很生硬，也很初级，北海道段落冯小刚可能是要拍出点公路片的意思，但全然没有感觉，随路发生的事件很随意，与主线情节和主题基本无关，完全是在凑戏。\n	 冯小刚一直在用对观众表示诚意来掩盖自己的无诚意，他总是说他考虑最多的就是要让观众觉得电影好看，这样才对得起观众和投资方。他是对得起投资方的，他的电影赔钱的只有一部《夜宴》，这次他更是很高调地说电影在上映之前已经靠植入广告收回了一半的成本了，这也真有效，看电影是时候我边上的一对情侣观众就一直在留意着片中的广告，电脑、银行卡、手机、威士忌，甚至还完整地介绍了杭州的一个湿地公园。但要说他对得起观众，我倒觉得值得商榷一下，特别是在他真正成名以后，我觉得他只是一个喜欢把玩观众心理的电影阴谋家，在他最近的三部影片中这一点表现得尤为突出。 \n	 应该说《非诚勿扰》是冯小刚喜剧中最差的一部，乏善可陈，原来还有王朔、刘震云、石康、赵本夫这些作家在剧本上给他托着，至少片中的人物还立得住，到了《非诚勿扰》，由他自己独立编剧，就全面崩溃了。《夜宴》的失败已经证明了他创作的局限，他没有驾驭深刻主题和内涵的功力，到了《集结号》，更是将一个宏大的战争人性主题处理得极度简单化和庸俗化，除了制造大片卖相、迎合意识形态和廉价煽情，在影片结构和技术层面上毫无追求。看了《非诚勿扰》，我明白了冯小刚可能不是不想追求，而是他实在不知道还有什么可以追求的，这是一个丧失思考能力的人。冯小刚一直是个很自恋的人，很执着于自己的风格，这本来不是什么坏事，但有时候会显得过于自负和小家子气，而且他的所谓风格已经已经落后于时代和观众的审美需求了。我想之所以现在看了这部电影还有人给冯小刚叫好，不过只是基于对他的迷信，还没有看穿他那件皇帝的新衣而已，总有一天，观众会发现冯小刚其实已经开始裸奔了。\n	 去年几乎是相同的时候，我写下了《集结号：中国电影的耻辱》那篇引来无数板砖和谩骂的日志，今年又遭遇了令我更加失望的《非诚勿扰》，我对冯小刚本无成见，完全就事论事，欢迎大家和我交换观点，侮辱谩骂的语言暴力爱好者止步，或者你至少耐心地把这篇文章看完，我们在一个彼此心照的平台上交流。\n','2008-12-21 11:48','《非诚勿扰》：岁末寒风中，冯小刚裸奔而出',NULL),(11,84647,'千霈の華山蝶','	535. 2008-12-20 非诚勿扰（2008）。\n	好看的没话说了，就贺岁喜剧这一类型来说，这是目前我看过最棒的一出，冯小刚的贺岁喜剧之路非但没有走下坡，反而越爬越高。只是凡事都有个尽头，冯小刚什么时候是个头，我拭目以待。\n	牛逼哄哄的，观众的心理冯小刚怎么就能把握的这么好，喜怒哀乐全在他掌控之下。在我看来这是冯的中产阶级性格使然，放眼全中国大陆，目前也就只有冯能配得上“国民导演”的身份，其他的不是在比谁更大气商业就是在比谁更穷酸文艺，一点中产阶级意识也没有！相反，冯的作品总是贴近现实，关注社会热点，谦虚向平民中的生活智慧取经，这样无论是上流阶层还是草根百姓都不觉得电影所表达的东西离自己遥远，都有共鸣。冯很好地做到了吸收与回馈的和谐，用我朋友大头的话来说，“冯小刚是最有中国特色的导演。”\n	2008年我们经历了很多大喜大悲，在辞旧迎新之际【非诚勿扰】带来的是这样一种温情和喜悦，以及未来无限好的信心；至于爱情方面，片名就是冯要表达的观点——非诚勿扰。人们常说“信则灵不信则不灵”，如果说爱情它也是一种迷信的话，那么对于怀着坚信不疑之诚意的人，爱情它会是很灵的！好吧，我又理想主义了，so what? XDDDD\n	P.S. “终极分歧终端机\"最开始是出现在彭浩翔执导的【AV】中的，我想是由于冯导非常够哥们地在【破事儿】中友情轧了一角儿，所以现在肥彭也大方地把这伟大的发明借给冯导耍宝。最开始这“机器”亮相的时候我心中OS：“我靠冯导太不够意思了，居然这么光明正大地剽窃专利技术。”到了片尾字幕打出才看到特别感谢发明者彭浩翔先生的字眼，但我想以彭浩翔的知名度在内地来说，冯小刚还是捡了个大便宜。另：范伟的那个性感女秘书太辣了！那沟沟，那腰身，那眼镜r～ 光是冲着看这小秘书都值回票价！我想，我希望这无名女演员能红～ 咱中国内地也得出一个性感女影星才行啊！\n	关于片中的广告植入...我很好奇海航究竟投了多少钱，美兰机场和世纪大桥还是很上相的。\n	XDDDDDD\n','2008-12-20 17:29','非诚勿扰，非常满意。',NULL),(12,84647,'基督山伯爵','	《非诚勿扰》：冯氏幽默的阶段性升华\n	如果非要用一个词语来概括即将过去的2008，或许只能用“多灾”二字来形容。于是在今年的贺岁档我们看到了大量的喜剧，因为我们试图用欢笑来安抚我们已经疲惫的内心。\n	——基督山伯爵 题\n	说到贺岁片，冯小刚这个人名的价值远远大于他作为一个导演的价值，他不仅挽救了曾经低靡的中国电影市场，还开启了中国电影的贺岁片之路。从《甲方乙方》的诞生之日算起，中国的贺岁电影已经迈入了第11个年头了，在这11年间，他携手葛优一次又一次地冲击内地贺岁电影的巅峰，并且接二连三地扩大着自己的连胜记录，从票房上来看，冯氏贺岁片无疑是内地电影市场最大的赢家，葛优这位御用演员也俨然成为了冯氏电影的质量保障。\n	从《甲方乙方》到《天下无贼》，从《夜宴》到《集结号》，冯小刚的贺岁片大致上可以分为生活片与剧情片这样两大类型，前者的重心是对小人物现实生活的真实写照，用喜剧的形式将其展现给观众，而后者则重视影片在视觉效果上的营造，是典型的带有中国特色的大制作商业片。即便是影片上映前的运作手段，他们也有着明显的区别。以《甲方乙方》为代表的这些早期冯氏贺岁电影在前期宣传上做得都比较朴实，他们在宣传的过程中也并没有表现出对于票房极度的渴望，这种宣传的性质也正好对应了影片本身所具有的平凡特质。冯氏喜剧的成功与影响就是在这种平凡中一点一滴的积累起来的。\n	在10年贺岁片的征途中，王朔对于早期三部作品的影响力不可忽略，严格来说，从《一声叹息》开始的冯氏喜剧才真正属于冯小刚自己，此刻的他已经可以自由地掌控作品所要表达的思想，影片中的思想与现状更多来源于冯导自己，而并非作家王朔。也正是这部有着过渡作用的《一声叹息》，是冯导贺岁片征途中唯一一部没有冲击贺岁档的作品。经过那一年修整后的《大腕》、《手机》与《天下无贼》均取得了比前作更加出色的成绩，事实一次又一次地证明着冯小刚平民路线在贺岁片市场上的不可阻扰。\n	《夜宴》是冯小刚作品对于视觉冲击的一次尝试，也是在张艺谋开启的中国式大片之路上的一次迷失，尽管影片取得了极好的票房的收入，然而口碑却并没有像票房那样水涨船高。张艺谋用3年时间来打造他心血来潮的武侠之梦，最终换来的只是荧幕上转瞬即逝的那一抹华丽。追求了3年的视觉盛宴最终在《千里走单骑》中的一声哭泣下轰然倒塌，猛然间我们发现荧幕上的武侠之梦其实是为奥运会开幕式在积累经验。我们庆幸冯小刚没有创造出第二部《夜宴》，他创造出的是中国战争电影的新纪元——《集结号》。《集结号》不仅票房大卖，口碑也在争议中一路飙升，于是一个问题逐渐浮现在了我们眼前。《集结号》之后的冯小刚还能带给我们什么？是继续在大制作的康庄大道上正步前进还是放下“屠刀”回归百姓。\n	冯导选择了后者，《非诚勿扰》的诞生告别了中国荧幕上那片空洞的华丽，它带来的是最真诚的百姓故事，二十一世纪什么最贵？——和谐！在尽力了这多灾多难的一年后，我们更加清晰地意识到了“和谐”的可贵。\n	影片以主人公征婚为线索，牵扯出了当代社会中一幕幕令人可笑的“人间喜剧”，葛优饰演的秦奋作为一位大龄海归，用自己的发明获得了巨额财富后开始尝试解决自己的人生大事，他诚心诚意地想找一个合适的红颜知己白头偕老，然而前来相亲者却又各怀心机，没有诚意，由此产生了一系列妙趣横生的喜剧元素。他遇上了舒淇饰演的梁笑笑，一个伤痕累累的女人，在交往中爱上了她，然而笑笑却一直都爱着另外一个男人。这样的故事情节看似非常普通，在现实生活中到处都可以找到。平凡，这是冯氏幽默的最低纲领，也是冯氏幽默有别于其他港式喜剧片的最大特色。\n	冯小刚首先营造了一个真实的社会环境，一个大的社会背景，所有的人物都是真实且不加修饰的，所有的语言对比也都是自然的。在当时的这种情况下，人物的这些言语是最自然的流露，没有用刻意的话语来搏人欢笑。包括肢体动作，脸部表情，背景音乐，这些元素单独来看所构成的就是一部最简单的爱情生活片，至于幽默感，那都是蕴含在影片之中先天就已经具备的，它不需要配乐以及肢体动作这些额外的东西来辅助笑点。\n	冯氏幽默的核心是真实，不做作。《非诚勿扰》与同期上映的《女人不坏》在这方面形成了鲜明的对比。徐克用了大量超乎显示的夸张手法来制造欢笑，因此《女人不坏》的搞笑始终都给人以一种荒诞感，当然这也是港式喜剧的特点。《非诚勿扰》就表现手法来说是平淡的，人物也是真实的。我们会为梁笑笑的感情遭遇感到难过，也会被秦奋的真诚一次次逗乐。尽管这是一个爱情故事，但是这种爱情感是中年这个年龄段所特有的，它也许没有年轻人的偶像剧那么奔放，但是它的确是真实的，这种真实升华成了一种美感，一种在现实中可以给人带来希望的感觉。对于30-50这个年龄段的观众来说，甚至可以用“贴切”来形容。\n	对于一部喜剧片来说，将近2小时的片长显得有些过长，容易导致节奏不紧凑，毕竟观众欢笑指数也是有一个倦点的。但是《非诚勿扰》更多的还是当作一个爱情故事在制作，这样一来2小时的片长就变得合情合理了。影片中用了大量的全景镜头来描绘空旷的美丽景色，为影片中的人物情感营造出淡淡的忧伤，同时也把影片的基调定在了一个相对缓慢柔和的牧歌环境中。在这段牧歌中有悲的，也有喜的，平静的海面中所融汇的是人生百态的那份纷杂，所沉淀的是情感世界中最真诚的爱与忏悔。\n	对这多灾的2008年，影片给出了一个完整的概括，正如冯导说的：“大家往后还是要走下去，我还是相信未来是不错的。”\n	《非诚勿扰》在人物刻画上的这种自然与真实，可以说是冯氏喜剧10年以来最成功的一次，在画面上带给人的美感，也是让人难以忘却的，它彻底告别了国产史诗片那种做作的画面，那种单纯为追求视觉特效而拍摄的诗情画意不复存在，在这里，所有的一切都融入了人的感情，以人为本的东西才是最真诚的东西。回首过去的旧作，这个阶段的冯氏幽默有了一种更为自然的升华。\n','2008-12-18 00:17','《非诚勿扰》：冯氏幽默的阶段性升华',NULL),(13,75819,'麻绳','	 \n	 其实以目前在内地影院看到的《大搜查》来判定这部电影的水准对于麦兆辉和庄文强来说是不公平的，因为我相信这一版本是做了大规模外科手术的。本来这部电影是在今年三四月份就拍完了的，原本的档期是定在奥运会后的9月份，现在跳票了三个月，不是没有原因的吧？我觉得已经不是一般的修改那么简单了，可能有些东西是要重拍了，也就是故事要重新讲了，某些人物的命运要重新设定了。\n	 这是短短的三个月内连续看的第三部关于绑架的香港电影，前两部是《保持通话》和《证人》，本来这不是香港电影擅长的情节类型，这么多年能留存在我记忆中的同类型题材电影只有成龙的《重案组》，至今都被我认为是最好的成龙电影之一。原来最能代表香港时装动作电影风范的是《英雄本色》、《古惑仔》、《无间道》以及杜琪峰系列电影这样的反映黑道恩仇和警界黑幕的题材，现在这样的电影在香港几乎已经绝迹了。\n	 连续三部有关绑架和营救的电影出现，看似偶然，其实背后也有其必然，现在香港电影的市场拓宽了，内地市场的潜力越来越为香港电影人所看重，于是一方面为了照顾内地观众的口味，另方面还要取悦电影审查部门，于是他们只能在这些商业电影中弱化香港本埠的地域暴力文化特色，并剔除一些社会背景的直接呈现。《保持通话》和《证人》这样的情节放到任何一个国家都是成立的，前者根本也就是美国的翻拍电影，而且其中纠结的是个体对个体的私人恩怨，时代社会背景都被弱化了。\n	 到了《大搜查》，虽然又有了黑帮火拼和争夺地盘的情节，但这已经不是叙事的主体了，陈奕迅扮演的这个黑帮老大霍青松的职业属性基本上已经很模糊了，他与谭耀文扮演的另一个黑帮老大去会面，居然只带了一个保镖，最后被人围起来砍，还要警察出手相救，可笑的是救出来后两个人一点事都没有，这样过家家般的黑帮戏，在10年前是难以想象的。这里的霍青松，也只是一个儿子被绑在焦急中逐渐丧失理智的普通父亲而已。\n	 在麦兆辉和庄文强以前的电影作品中，无论是编剧还是导演，从《无间道》到《头文字D》到《伤城》，都没有以女性为主角的，《大搜查》应该是他们第一次以一个纯女性视角和立场来结构电影的。\n	 郑秀文扮演的高级督察司徒慕莲是一个仕途坦荡机敏过人但在感情生活上很失败的都市剩女形象。这个人物的戏份被明显地分割成了生活和工作两部分，而且这两部分被结合得很不到位，所以自始至终这个人物都是跳进跳出的感觉。其实单看她不着调的感情生活这一部分戏份，还是很有看头的，跳跃感很强，不停地制造噱头和笑料，郑秀文的表演也很卖力气。这里陈光荣的原创音乐值得赞许，他用拉丁曲风的主题音乐赋予了司徒慕莲这个人物活泼干练中带有戏谑和自嘲的气质，更突出了这一人物的喜剧风格。\n	 郑秀文这几年几乎被人遗忘了吧？记得她的上一部戏还是关锦鹏的《长恨歌》，已经是三年前了，这对于一个一线香港明星来说是难以想象的，从前他们可都是同时要赶好几个片场的啊！但是你要是仔细想一想，现在的香港女演员还有几个有像样的戏拍呢？本来在香港电影中的女性角色就是以花瓶居多的，要找花瓶当然要找物美价廉的，相比起北电和中戏的花团锦簇，港产美女越来越失去其优势了，本来嘛，一个物欲横流的弹丸之地，美女产量肯定是有限的。男影星可以不靠脸蛋吃饭，只要有足够的历练，演技上有点追求，尚在可用之才的行列中，其实基本上香港男演员的演技都是靠磁带和胶片堆出来的，女演员可就没那么幸运了，如果不能抓住青春的尾巴碰到适合自己发挥的角色，只好改行或嫁人了。你看看《赤壁》、《画皮》、《女人不坏》、《保持通话》、《证人》这些近期热点影片，有香港女演员的影子吗？就是《梅兰芳》里有个阿娇，还给剪掉了。一年一度的香港小姐评选还有人关注吗？本来TVB电视剧也是个港产女影星的开发输送基地，但是这些年来有从那里成功走向大银幕的女演员出现吗？不是我嘴毒啊，那些女演员的姿色到了内地可能也就只能跑龙套，如果内地女演员大举进攻TVB，那些人恐怕都得失业。但是试想一下，如果没有了曾经的张曼玉、梅艳芳、刘嘉玲、王祖贤、莫文蔚、吴君如等等这些香港女演员，香港电影要逊色多少呢？而这些人的独特魅力恐怕也不是赵薇、周迅、林志玲这样的人可以替代的吧？\n	 好在还有杜琪峰，还在坚持不懈地使用林熙蕾，林美女有福啊，跟着老杜，有肉吃！\n	 还是说回《大搜查》吧。其实影片的前半部分的布局阶段还算正常，只是从张国立的身份证照片出现在电脑上那一刻开始，一切都开始变得不靠谱起来。（以下涉及剧透，慎读！）\n	 我相信大陆警察徐半山这个人物的戏份原本不会那么少的，看看张国立在演员表中的位置就知道了。他应该是这个故事的一个核，到后来仅仅成为了一个情报提供者，这样的设计太拙劣了。当徐半山说出他在远处看到霍青松一家人的天伦之乐时的感受的时候，我直接想到了黑泽明的《天国与地狱》，我相信麦兆辉和庄文强在这里绝对是有那个倾向的，习惯于《无间道》式的剧情模式的两人在这里原本是应该设下了一个人性迷局的，徐半山这个人物即使不是绑架的实施者，也应该是这一事件的幕后推动者。但是后来的情节随着这个人物被阉割式的弱化和改变，整个的故事变得虎头蛇尾，而且莫名其妙，很多事情都没有解释了。警方到底是怎么锁定那两名疑犯的？来自绑匪的电话到底是谁打的？大陆公安里的卧底到底是谁？甚至徐半山妻儿的车怎么会那么巧地出现在油罐车逃跑的路上？仅仅是个巧合吗？还有廖启智扮演的表哥的尸体后来到底是怎么处理的？还有司徒慕莲的男朋友到银行对面的楼上真的是去买春的吗？司徒慕莲怎么就会原谅他了？……电影中所留下的解释不充分或干脆回避的疑团太多了，看完以后让人极度郁闷。\n	 看来只要是涉及到大陆司法部门，电影中的禁区还是很多的，特别是如果在大陆公安中出现反面人物，那更是有关部门所不能允许的，拼着伤筋动骨，也要还我清白。但是内地市场谁都不愿意放弃，反正电影拍出来了，能多回收点票房就是一点，于是香港电影创作者就在这样与内地电检部门的妥协和角力中磨灭着自己的个性，而内地观众也在香港电影中看到了很多莫名其妙的对白和情节，《黑社会》中最后警方一举抓获黑社会犯罪分子，我管你杜琪峰还拍不拍续集；《铁三角》中三个人最后居然要去自首；《文雀》中华丽的街头盗窃场面被整个拿掉，最后还加了个要“重新做人”的光明的尾巴；《投名状》中“抢钱抢粮抢娘们”变成了“抢钱抢粮抢地盘”，太平天国的情节被抹掉，本来深度思考中国传统农民意识的电影变成了一部常规的武侠肥皂剧；《画皮》中的情欲戏整个被删除，让观众看完都很疑问，这个王生怎么就对那狐狸死心塌地呢？……\n	 但是不管怎么说，上面说的那些还让你有个完整的故事可以看，可是到了《大搜查》，干脆连个囫囵的故事也不给你看了，你还不如像对待《新宿事件》那样直接把这电影给毙了呢，如果观众花钱看了这样的电影，是不是有权力去投诉啊？\n	 记得杜琪峰就表达过这样的意思，现在的香港导演很难做，因为实在是摸不透内地的电检制度，觉得到处是雷区，创作上束手束脚，但不考虑内地市场老板那里又交代不过去，就是在这样的无谓消耗中，香港电影正在全面走向平庸。其实从电影票房反馈上也可以看到，纯港产电影的票房号召力现在在内地并不强，与美国和内地大片比起来没什么竞争力，今年的贺岁档，在《梅兰芳》和《非诚勿扰》的夹击下，《叶问》、《女人不坏》、《大搜查》几部香港电影左冲右突，闪转腾挪，只为了避其锋芒，分一杯羹，可怜啊！\n	 拜托，谁能放香港电影一马呢？\n','2008-12-12 15:14','《大搜查》：谁绑架了香港电影',NULL),(14,75819,'陈赖汉','	果然如我所料，在影片的最后，陈奕迅所扮演的走私贩面对这一个内地警察无奈的放下手上的两大袋港币。这部影片的最后，除了徐子珊扮演的老师成了绑匪之外，所有的一切都在意料之中。为了能够在内地上映，这部影片的一切删改都在我们的预料之中——每当在影院看完一部港片之后，我所做的事往往是耐心的等待港版出来后再看一遍，若有着很大的出入，初期还会愤怒，但逐渐已麻木，当这种麻木已经成为一种可悲的习惯之后，偶尔一次看到港版居然和内地版几乎一样，不由欣喜，如获珍宝。\n	记得第一次听到“一刀未剪”这四个字的时候，激动了许久，等跑到电影院一看，发现完全不是那回事，前后镜头拙劣的拼接所留下的“伤口”还贼醒目，再后来逐渐发现，确实逐渐不剪了，但不小心找来原版一看，才发现剪了不止一刀，二十动了个大手术，五脏六腑啥的，不是给揣了，就是硬给你挪了个位。剪刀手成了手术刀手，干完活后缝伤口那手法还挺专业，比以前进步了。可“一刀未剪”这四个字看了便逐渐觉得别扭起来，到了后来，便越发觉得是个笑话。\n	麦兆辉和庄文强那部被誉为香港电影的救世之作《无间道》在上映之时，为了进入内地市场便不得不在结尾做了妥协，一个简单的结尾改动便使得影片的立意有了本质的改变。因此当《大搜查》结尾出现这样一个“正邪分明”的结局时，我便可以认定这部在内地影院上映的《大搜查》并不是麦兆辉和庄文强的真正作品。这部本该有着《无间道》影子的作品，却因为这个“应查之作”的结局，使得整部影片辛苦营造起来的张力在最后一刻彻底崩溃，几乎使得《大搜查》在内地彻底沦为一部平庸之作。可以说在影片改动较少的前半部分来看，《大搜查》着实具备了成为一部佳片的诸多元素——一场车祸作为故事的引子，郑秀文所扮演的警察的感情生活（这点做法在《无间道》中也采用过），设置的密不透风的悬念，陈奕迅充满爆发力的表演……可以说这一切的一切都如同一个个有力的柱子，撑起了这部看似精细，但结构却颇为庞大的绑架故事。影片中的每个角色都彼此有着联系，也彼此影响着剧情的发展，但这一切都在张国立出现之后使得这些看起来相当美好的一切都接近崩溃的边缘。一个构思巧妙的绑架故事，却因为一个莫名其妙的“正义警察”，以及这个“正义警察”莫名其妙的跟踪和目击便“解开”了绑架案的谜团，而这个绑架案的幕后主导居然是影片中几乎被沦为配角的徐子珊所扮演的幼儿园老师，而她的同谋居然是几个几乎没有露脸的路人甲乙丙——这个充满了强拼硬凑之嫌“答案”让影片前面的一切都看起来是多么的荒唐可笑。\n	因此如果只是看完内地版的《大搜查》后对这部电影多加指责，这本身就是对这部电影的不公平——如往常一样，静心等待港版，再多的话都等看了港版再说吧。\n	重复下开头的话——习惯，一个可悲的习惯。\n','2008-12-27 00:46','《大搜查》：等港版已成习惯',NULL),(15,75819,'小飞','	　　看到麦兆辉，首先就想起他以《无间道》获得金像奖最佳编剧时说的话：香港电影一直习惯就没有剧本就开拍，其实没有剧本是不对的。\n	　　看麦兆辉的作品，首先应该看作是，一种更接近好莱坞电影的新的港片制作模式下的作品。\n	 \n	　　《大搜查》应该是香港电影工业的标准之作，主创人员也多为香港电影工业的中坚力量，虽然少有超一流巨星加盟，但制作人员大多是水准之上的，剪辑邝志良，音乐陈光荣，编剧麦兆辉，陈奕迅、郑秀文担任男女主演，廖启智，杜汶泽，张同祖等一众老小戏骨加盟，任贤齐，谷德昭，田启文几人友情客串，拍摄一部很差的电影应该是不大容易的，实际上，《大搜查》除了言不由衷的部分，刻意迎合的部分，其实也很难挑出多少毛病，甚至也不乏亮点。比如开始飙车的那场戏，我猜可能受到《波恩身份》飙车戏的影响，剪的很出彩，很有压迫感，邝志良凭本片拿个金像奖最佳剪辑提名不成问题。郑秀文的复出演出很精彩生动，盘活了整部电影。还有麦兆辉的编剧，如《无间道》般平实严谨，线索复杂清晰，对黑道家族的描写一如继往，很有些教父味。麦兆辉似乎也很以《无间道》为荣，如郑秀文就说：三楼的刘健明，五楼的陈永仁。又说：你卧底？梁朝伟那种？\n	　　但是，没毛病不代表是好作品。才过几天，《大搜查》的故事，除了黑帮大哥的儿子被绑架，女警官帮忙破案的立意之外，基本上我已经忘记了。《大搜查》很像是当年香港左派电影人追求的底线——基本上就是杯白开水，喝了无害，可是喝了也就喝了。\n	　　比如前几天我看80年代徐克监制的《铁甲无敌玛利亚》，以今天的标准来看真是烂片一部（当时是炫特技的），但在这烂片之中，有些细节上温馨动人的情怀就是徐克式的，你看了就是忘不了，甚至还可能影响到你的生活，比如我将来养条狗，没准儿就起名叫“野味”。\n	　　与《大搜查》这种中途半端，不功不过，看完就忘的电影相比，我宁可看能让我偶一心动的烂片。\n	　　这也是我觉得一味搞笑的《保持通话》，远好过矫揉造作的《证人》的原因。\n	　　换句话说，拍的好坏是第二步的事情，第一步要看的，是你有没有一个拍电影的精气神在。\n	 \n	　　片子很希望出彩的郑秀文与肥男的恋爱，是我非常讨厌的段落。心想怪不得世人都爱看俊男美女，这美女与野兽，真不是谁都能拍的。\n	　　我想说的是，其实要放在二十年前，那些恶搞的香港电影中，这样的情侣搭配并不会让人闹心，只会让你觉得好玩，但现在不行。为什么？因为港片已从从前的架空的童话世界，变成今天的现实主义世界。郑秀文十年如一日的喜欢一个胖子神经病，这放从前是可以的。放现在，鬼才相信。\n	　　顺说一句，好莱坞版的电影和动画版《美女与野兽》能够成功，也是因为人家创造了一个童话世界。\n	　　整部电影全都是扯淡，那个扯淡就是风格，就是常态，就是喜剧，就像《唐伯虎点秋香》，《五福星》那种。整部电影都写实，中间有一段扯淡，那个扯淡——没什么好说的，就是扯淡。就像《大搜查》。\n	　　这个矛盾，其实是《大搜查》真正警醒我们之处。\n	 \n	　　《大搜查》除了郑秀文与陈奕迅的警匪角斗之外还有一条线，是大陆公安赴港抓获陈奕迅饰演的走私头目。最后陈奕迅在交赎款时得到郑秀文的通知，已抓获绑匪，于是欣然回返。这是公安赶到，“再跑就开枪”，于是陈奕迅黯然停步，画面全黑。\n	　　这段情节从发生到结束都异常突兀，看得人一头雾水。加之影片自始至终都表现的是陈奕迅的人情味。更让人不由不送警察同志八个大字，趁人之危，胜之不武。\n	　　后来才知道，果然麦兆辉还不至于差到这个程度。这段情节本来在一开始是没有的，但电影最后审查通不过，只好补拍了一些画面，让陈奕迅被绳之以法。所以过段时间我们看一遍港版，也许还有惊喜。\n	 \n	　　不用原来的手法，没有原来的风格，不是香港的故事，没有从前的娱乐性，是否传统意义上的香港电影已经死亡？我无力做这样艰深的判断，但是想提出来，给大家讨论。\n	　　但是可以说，真正的死亡，死的不是肉体，而是精神。\n	　　肉体死亡没有关系。像徐克拍《黄飞鸿》的主题（《黄飞鸿》拍于上世纪末的悲观氛围中）——末世亦是新生之开始。\n	　　今天的香港电影，慢慢变的写实，凝重，失去了上世纪八九十年代轻松浪漫的风格，但这不是问题。\n	　　我们今天所习惯熟知的香港电影，其实是70年代香港新浪潮之后的，全是过火，尽是癫狂的香港电影。\n	　　那么之前邵氏那些片场拍摄，一尘不染，美仑美奂的舞台剧式的电影，算不算香港电影呢？更早一点，黎民伟，黎北海等人的电影呢？\n	　　香港电影，其实形式上是一直在变的。\n	　　但其中的精神，不变。那就是平民气质，草根英雄，小人物出头，奋斗打倒强权，不拘一格，天马行空。还有真实动人，不装蛋的情感。\n	　　因此，从架空的世界走向现实主义不是错；从没剧本的市场创作，到有剧本的计划创作，不是错；电影的背景从香港搬到整个中国，没有问题，可是失去了精神，就让人担心了。\n	　　成龙在《宝贝计划》的结尾，锒铛入狱，却向典狱长开心的谄媚道：一定要给我们减刑啊！\n	　　想起《A计划》里，三兄弟几个水警＋毛贼，就把那些英国贵族救出，让他们跟着船游回来，那是何等的解气，痛快。\n	　　而《宝贝计划》这样的画面，是不是要令我们感叹：是否成龙已死？香港电影已死？\n	　　香港，我相信将来一定和北京，上海，广州，大连等等一样，只是中国的重要城市之一，不会再像上世纪那样特殊，但是，它毕竟是一个有自己的强烈而鲜明的城市文化的地方，如果这种城市文化不见了，甚或变成一种奴性的，谄媚的文化，那就太可悲了，当然，那绝不是香港电影人的可悲。\n	　　“香港电影”将来是否还会存在？这是一道艰深漫长的死活题。\n	 \n	PS：\n	　　补充一点，其实我看这个片子最大的原因是它的片名，《大搜查》，我最喜欢的一部日剧，名字叫《跳跃大搜查线》。在此借机推荐给大家。另外，我觉得我们的香港警匪片编剧很应该向它学习一下，让我们的电影里的人物，有一点人味。\n	腾讯专稿，转载请注明：\n	http://ent.qq.com/a/20081226/000150.htm\n','2008-12-29 00:07','《大搜查》——香港电影死活题',NULL),(16,51238,'千霈の華山蝶','	540. 2008-12-24 Bolt（2008），闪电狗。\n	头一回看3D电影，估计很长一段时间内不会再想看了，也许是中影南国的眼镜不靠谱，把眼睛看得酸痛累，受罪受罪～\n	影片是拍给孩子看的，可爱好玩，但就是太幼稚了。讲述的是一只名叫Bolt的狗狗的“楚门秀”故事，然后教育小朋友们要善待自己的宠物，要爱护动物等等～\n	重点是，我右边坐着一对甜蜜的拉拉情侣，T高大帅气，P性感妖娆，我的视线焦点着实被分散不少～\n	爸爸妈妈们，你们可以带着自己的小朋友去看看这部【闪电狗】。\n','2008-12-24 22:04','闪电狗，霹雳吼，旺旺！',NULL),(17,51238,'eMiLy','	无论是嘉禾还是南国\n	对这部电影一律不接受观映礼券\n	100 RMB 现金看一套3D卡通\n	比在英国看电影贵多了 -__-||\n	发放的眼镜戴得有点晕\n	擦了几次都还是觉得不干净!\n	最纠心的是 ... 我们居然看的是国语配音...\n	还是回家看我的Seven比较实在(一边看一边在想它了)\n	X\'mas 嘛 \n	到处在打折\n	我看上的衣服\n	Size S 一律卖完!\n	XS 我塞进了也很勉强 -__-|| (胖了胖了真的胖了)\n	M or L 又太大没法穿\n	其实感情也一样\n	你喜欢的\n	未必适合你\n	适合你的\n	未必你喜欢\n	当然你可以选择改变自己去配合衣服\n	(我如果买XS 就得减肥, 买M 就增肥 或睁一只眼闭一只眼假装衣服不宽松很合身 或里面多穿几件厚的...)\n	但是, 本人目前并不追求XS 的骨感\n	也不愿意为了穿M 而现得略微丰满\n	Size S 的缺货证明大部分女孩都是S\n	很正常的身材\n	爱吃就吃爱喝就喝\n	还能穿S 应该要为自己高兴^^||\n	这是安于现状?\n	还是没有冲动追求完美身段?\n	算了\n	那么只能继续寻找自己喜欢的并且适合我的size S clothes~\n	that\'s it.\n','2008-12-26 23:53','BOXING DAY with BOLT',NULL),(18,51238,'工业光魔','	这是3D立体电影？？真的是吗？？？ 我感觉被骗了，这跟在电脑看下载有何区别？不及《地心游记》的一半效果~\n	电影院那雷人的国语配音真让人吃不消! 看预告觉得小仓鼠比狗主角可爱多了，看了片子才觉得BOIT才是最可爱的~把它抱回家吧!嘻嘻~~~\n	可惜故事太弱智了，百分百的儿童片!\n','2008-12-29 11:01','对电影《闪电狗》的一句话影评',NULL),(19,80074,'小飞','	给腾讯写的《叶问》影评，给电剪局气得要死，结尾说了很多过火的话，当然知道那些话不适于发表，但还是写出来，留着自己发表。我更多的是一个感觉上的印象影评，期待红袖写一个专业的解析。哈哈，不过估计他会比较晚。\n	腾讯的删改版，专稿，转载请注明\n	http://ent.qq.com/a/20081206/000115.htm\n	叶问——文武之道，一张一驰\n	 关于期待中的《叶问》，我的一个功夫片迷朋友说的很有代表性，“对于《叶问》，我更关心文戏——因为武戏肯定不会不好。”\n	 这句话道出了当下功夫片迷们对甄子丹电影的一个普遍印象，对于在中国功夫片一线独挑大梁的甄子丹而言，功夫片的动作优劣是没有疑问的，已经是质量保证。但大家还是希望甄子丹的电影，在电影本身的水准上，能够更上一层楼，以一部电影或者商业电影的层面来说，也能达到第一流的水流。很可惜的，对于在动作场面仍然没有令人失望的《叶问》而言，它的问题也仍然出在大家担心的地方。《叶问》用一句戏言来评价，可以说是：文武之道，一张一驰——武戏张力十足，文戏却太过松驰。\n	一、\n	 先说优点。\n	 首先当然是武打方面，甄子丹与洪金宝的组合没有令人失望，出于对洪金宝的敬重(甄子丹戏言过洪是他在香港唯一打不过的人),作为一个一流的动作指导，甄子丹在近年前首次在时装功夫片中把动作指导的权力交给他人，而自己仅仅担任武打演出，以及在表演时做适量的修改和发挥。这当然也是因为洪金宝二十年前已经拍过咏春拳题材的影片《赞先生与找钱华》，并被视为同类型的经典之作，评价超过袁和平的《咏春》(甄子丹也出演了袁和平的这部影片，不过却未打出咏春拳，而是给杨紫琼饰演的严咏春当配角)。由曾经拍过最好咏春拳电影的导演来做武术指导，并由目前中国最出色的动作演员演出，这样的强强联手堪称双剑合璧。而从结果来看也是相当出色的。\n	 之前很多人曾担心甄子丹的武功过于大开大阖，擅长腿功，而对于表现短桥窄马，方寸之间决胜负的咏春拳表现会不佳，而影片的最终效果可以扫除这一疑虑，甄子丹的武功风格，一向以凌厉霸气为主，而此次可以说是他首次在武打方面表现出成熟稳健的宗师气度，这当然决定于叶问其人恬淡冲虚的个性，而甄子丹一敛其武术风格上的锋芒，在武打方面表现出叶问的宗师气度和淡泊个性，当属非常难得。此外，甄子丹的演技与的确在进步，本次他所饰演的叶问与他以往的大多热血、冲动，或者青春的角色全然不同，甄子丹此次不仅在拳脚上收敛其锋芒，更在表演上看不到其一贯的杀伤力，而代之以平和宽厚的气质，同样给人以惊喜。甄子丹曾在访问中说，他这些年的性格，仿佛是从陈真到叶问。如果说《精武门》的陈真是向曾演过这一经典角色的李小龙致敬的话，那么此次扮演李小龙的师父叶问，则不仅是致敬，也有试图超越的味道。\n	 甄子丹与另一位功夫巨子李连杰相比，其优点是长于实战，其缺点则是缺少多元化的表现。但在近年来，甄子丹不断尝试新的动作种类和风格，经常带给人以惊喜，《七剑》中再度见到甄子丹矫若游龙的剑艺，在《杀破狼》中导入纪录片风格和较长镜头的武打，在《导火线》中引入混合格斗棍念，在《龙虎门》中则弃腿用掌。我们希望甄子丹能在每部影片中都尝试不同的武术种类和风格，而《叶问》可以看作是一个新的开始。叶问之子叶准曾惊叹于甄子丹学习咏春拳的天份，而甄子丹电影中的表现咏春拳也绝对出彩，影片的第一场武打，与佛山武馆的廖师父比试，甄子丹首次展露咏春短打寸劲的威力，有一个相当精彩的段落，甄子丹在近距离向对手从胸到头一两秒钟内打出十几记拳掌，其迅捷让人想起甄子丹在《铁马骝》中连续踢出十几脚，对手在被踢飞后才意识到疼痛的经典画面。第二场武打对山东拳师金山找，可以看作是南派武术与北派武术的对打，金山找武功大开大阖，威猛凌厉，擅长腿功，而叶问的咏春拳则以静制动，以小制大，击败金山找。第三场武打叶问于日本武道场踢馆，以一击十，以咏春快拳抵挡多人的同时攻击，以巧妙的身法寻找到最佳攻击时机和位置，并展示咏春拳中的擒拿和反关节技，这场戏让人想起托尼·贾《拳霸2》中折断百人关节的画面。第五场武打，甄子丹示范使用咏春的六点半棍，这场戏可以看作是对李小龙在《龙争虎斗》中使用咏春长棍的致敬。最后一场压轴武打，叶问对空手道的日本将军三蒲，虽然这场武打在整体上出现了一点问题，但细节上看也相当精彩，三蒲严谨平实，大开大阖的空手道被叶问的咏春拳在近距离控制住，无法发挥威力，遭到叶问的连续痛击，最终吐血倒地不起。《叶问》的武打设计有很多值得品味之处，虽然影片的素质不高，但影片的武打却值得一个功夫片迷至少看上两遍。\n	 其次，作为一部商业片，《叶问》虽然有很多问题，但其可看性和娱乐性却很高。总的来说，《叶问》的内容基本上由精彩的武打场面贯穿，而没有武打的地方，则由一个个的喜剧桥段填充，虽然片中的喜剧桥段显得不够智慧，称不上幽默，但搞笑却还是彼彼皆是。所以，《叶问》对于普通观众而言，从整体来说算得上是非常好看的，取得商业上的成功应不意外。\n	二、\n	 下面再说缺点。\n	 首先，叶伟信的问题，叶伟信适不适合和甄子丹合作？个人认为从长远来看是不合适的，叶伟信的个人风格会受到压制和埋没，而甄子丹的明星特质也不会得到最好的发挥。但近十几年来，又恰恰是叶伟信拍出了甄子丹主演的作品中最好的部分，这只能说明，中国好的商业片导演是非常缺失的——叶伟信是一个好的导演，但却不是一个好的商业片导演。《杀破狼》比较成功，但甄子丹适合总演悲情片吗？他毕竟是一个主流的商业动作明星。叶伟信是一个有思想有情怀的导演，可惜的是他的思想和情怀恰恰是悲观的，这种悲观导致他不适合拍摄商业片。这样来说，《叶问》只有一个情节很像是叶伟信的电影，那就是林家栋的角色，在最后明明救了叶问，却被中国人当成汉奸误会打死。这种悲剧性是属于叶伟信的——但是被剪掉了。\n	 但是主流动作电影要拍什么呢？正气，义气，豪气，朝气，而这些大概是叶伟信所不相信的，我曾当面听叶伟信说过，“人生就是个悲剧”。所以，我们也就不难理解，《叶问》在表现民族气节，以及热血悲情方面为何不够，因为这些都不是叶伟信气质里的东西。\n	 其实，洪金宝的问题。我非常尊敬洪金宝，他在《叶问》中的指导也是比较成功的。但个人认为，洪金宝不算第一流的武术指导，因此，《叶问》仅就设计而言，算是一流的作品，但不能算是超一流的。《叶问》武打的每个细节，每个动作都很精彩，可是它的问题，就是没有好的节奏，没有好的整体构思。一段好的武打和音乐创作是一样的，要有节奏，要有张驰间疏，要有间奏，高潮，尾声，要有整体的构思，要用武打推动剧情，传达感情，而不是单个动作都好看就可以的。特别是结尾与三蒲的对打，叶问太过轻松的取胜使电影的感情完全没有得到酝酿，这一点上来说，袁和平，程小东，乃至甄子丹，元奎，成龙，个人认为都是好过洪金宝的。\n	　　当然，本人对咏春拳所知不够，仅能从意境和风格上点评，对于在技术上表现咏春拳这一拳种成功与否，尚需专业高手分析点评，再此不做赘言。\n	　　最重要的，是编剧的问题。《叶问》的编剧，是明显的不动脑子型。樊少皇饰演的金山找，太明显了，就是《黄飞鸿》的严振东。你看过电影后觉得不像吗？那是因为你看的版本不对，樊少皇的山东话被重配成了普通话，金山找最后出卖同胞却死于日本侵略军的枪口之下的结局也被删除了。金山找就是严振东，一个落魄的山东武师，到佛山来开馆授徒，听说佛山叶问最能打，于是找叶问来挑战，结果被叶问打败，最后走向歪门邪道，甚至向日本人出卖叶问以换取报酬，但池内博之饰演的三蒲因为看不起这种民族败类，反而将其枪杀——与严振东同出一辙。作为徐克的粉丝，这一点是很让我开心的，徐克20年前的作品，现在的电影还在抄。但抄的好也罢，却是全无《黄飞鸿》的深沉况味，严振东，这个“混杂着骄傲与自卑，交替着正义与反派”的悲剧人物，因为生存所迫，以“先在佛山站稳脚根，然后就可以站出来为天下人伸张正义”为借口，一步步人格尽毁，在肉体被消灭之前，灵魂早已泯灭。而《叶问》的金山找，只是一个头脑简单，四肢发达，没有任何是非观念的莽夫，这个人其实称不上是坏人，也没有任何悲剧性。\n	　　《叶问》的编剧非常呆板，比如因为历史上有周清泉这个人物，所以就硬生生的加入任达华这个角色，但这个人物在电影中却没有一丁点作用。为了描写后来叶问的贫困，就写出“日本侵略中国，造成中国民不聊生，饿殍遍地”这样的病句，好像是说日本人的侵略罪行只是让中国人吃不上饭，如果中国人不是吃不上饭，而是仍然安居乐业就不算侵略了一般。叶问提出要打十个日本人时，三蒲居然派出“第五师团，一，二，三班”与之过招更是让人无语——日本军队二战时的最小编制是小队，没有班。就算有班，也不能让班隶属于师团，一个师团两万人，要一二三的数下去得数出好几千呢！这种非常幼稚的错误的出现是非常不应该的，因为好的编剧需要才华，但基本的错误只要用心都是可以避免的。还有比如把日本人塑造的太幼稚，三蒲和叶问比武，扯了一堆“中日亲善，大东亚共荣”之类的鬼话，而打输了以后，他的下属居然敢当众向叶问开枪——日本鬼子是混蛋，但不是傻蛋。\n	　　电影中也有一些比较好的立意，比如叶问最后说，中国武术讲究武德，仁义，与日本武术一味强调力量不同，有暗指两个民族的民族性的意味，但完全可以更加加强，加以辅垫，而不是现在这样突兀的表现。\n	三、\n	　　看完叶问最大的感触是，中国电影的问题在哪里？\n	 扯到这么大的命题似乎是不应该的，而这的确是最真实的感受。《叶问》本来应该比我们看到的电影更好看很多，可惜我们看到的版本却不是这样。樊少皇的山东话被勒令改成普通话，说是侮辱山东人，我也是山东人，为什么不觉得？金山找因为出卖同胞，让敌人也看不起而枪杀他，有什么道理不能通过？如果中国人就得个个凛然大义，那一百多万伪军又是哪里来的？\n	　　林家栋饰演的李钊，本来是电影中最好的一个配角，很真实，他有小警官的骄傲跋扈，也有偶而闪现的人情味。他有为了混饭吃而跟日本人当翻译的奴性，也有绝不肯出卖牺牲同胞的原则。最后他为救叶问，和日本军官抢夺手枪并将对方杀死，而民众看到这个拿枪的汉奸，以为是他向叶问开枪，反而将他殴死。\n	　　比如袁崇焕，一度被视作英雄，而当皇帝宣布他是汉奸后，民众会花钱买他的肉，咬来吃解恨。又比如张自忠，当他被误会为汉奸时，举国痛骂指责，而当张自忠血战沙场，洗刷自己的污名后，又是举国欢呼感恩，奉为英雄战神。\n	　　中国人，本来就是善良淳朴，易于动情而又易于被煽动的民族。我猜这个情节可能出自叶伟信的立意，我认为它有对中国人的批评，但也有中肯和正面的表现。\n	　　有这个情节在，《叶问》的文戏本来可以上一个档次，但是，这个情节在公映版中仍然不存在了。\n	　　中国电影最大的问题在哪里？我想，也许并不在创作上。\n	　　放中国电影一条生路吧，不要赶尽杀绝了，拜托！\n','2008-12-06 22:21','叶问——文武之道，一张一驰',NULL),(20,80074,'麻绳','	 甄子丹在拍《画皮》的时候很不用心，至少我感觉是这样的，估计当时的心思都花在《叶问》上了。毕竟作为一名武打演员，能够在银幕上饰演真正的一代武林宗师，是一件很有面子的事，何况是李小龙的授业恩师，龙哥虽然没有衣钵传人，但甄子丹一向是被认为在打架方面最有资格望其项背的。更何况还有叶伟信做导演，洪金宝做武指，三人在《杀破狼》中爽歪歪地玩了一把，此番联手再战江湖，不搞点新意思出来交代不过去啊！ \n	 以日本人进入佛山为分界，《叶问》被分成了两部分，风格迥异，前半部分是武术科教片，后半部分是爱国主义主旋律片，贯穿的是叶问的招牌功夫——咏春拳。\n	 据史料记载，叶问家里祖上很有钱，是佛山有名的大户，祖宅人称“桑园”，桑园内占地甚广，大屋连绵达数条街位。从电影中看，叶问是吃祖产的，首先他不做生意，他的朋友周清泉来找他入股做纱厂，他随随便便拿出一包现金，让朋友拿去用，有的还就还，并声称自己不会做生意，股份谢绝，真乃大家风范。其次他虽然身负绝学，但也不收徒开武馆，终日里只是独自打熬筋骨，厮守着娇妻美眷，但是要应付不断上门切磋讨教的武林中人。据说当时叶问是在国民政府任职的，但影片中没有体现。 \n	 这样的平淡生活对于一部功夫片来说是很头疼的，因为这里没有恩怨和悬念，都是琐碎片断，好在叶伟信在这里把功夫下在了喜剧化的细节设计上，于是这一段落显得情趣盎然，毫无枯燥的感觉。比如廖师傅上门切磋武艺，比武前吃饭的场面，寥寥数笔，效果明显而且毫不勉强，两个人物的性格也凸显出来，实在是很举重若轻的设计。对比前一段的《夺标》，这种分寸的把握上高下立现。\n	 后来，影片为这位纨绔子弟武术家设计的第一号敌人出现了，这就是樊少皇饰演的金山找。\n	 我只想说金山找这个角色设计得太好玩了，性格突出，简单明了，就是来找碴的。稚气已脱的樊少皇同学以粗粝北方大汉的形象出现，十分抓人眼球。可惜的据说原来这一人物设计的是一口山东方言，最后被广电下令把口音和谐了，怕影响山东票房吗？真是莫名其妙啊，如果保留原设计，这个人物会更加鲜活啊！ \n	 我说不上金山找大侠使的是什么拳法，不过既然是北方的，应该是少林一脉的吧？反正是刚猛异常，煞是好看，仿佛看到了《杀破狼》里洪金宝的影子。最后逼迫叶问出手比试，算是影片中的第一场恶斗，可贵的是叶伟信即使在这里也加入了喜剧包袱，以叶问妻子“不要砸碎家里的东西”的嘱咐为铺垫，“我赔”，两个字活脱脱地让金山找这个人物鲜活起来，还有中途骑着童车转出来传话的叶准，终于把戏彻底做足。现在看成龙的喜剧功夫片都嫌牙碜，而《叶问》中的这些顺手拈来的喜剧元素，让我感到了一种久违的清新。\n	 但是很快我喜欢的第一部分就结束了，因为日本人来了，叶问的好日子也到头了，电影也不好玩了。\n	 这里需要讲讲本片的主演甄子丹了。我很失望地确认，甄子丹可能这辈子在演技方面估计是没什么造就了，他能把叶问的沉静内敛演成木讷呆板，从头到尾只有笑和不笑两种表情（笑的时候比较少，不笑的时候更好一些），听说王家卫也在筹拍《叶问》，并定了梁朝伟做主演，我还真是觉得这个角色要是由梁朝伟来演的话，人物性格和反应还能演出些层次来。对于靠拳头吃饭的甄子丹同志来说，可能真就没法过分苛求他什么了，能打到哪天算哪天吧。 \n	 说实话不喜欢下半部分，这个剧情太老套了，只要是有关日本人和中国国粹的剧情就都是那个套路，必有一个或好或坏对中国国粹很崇拜的日本军官，对中国某相关方面的大师或威逼或利诱以逼其就范，该大师必定是打死我也不依，最后靠自己的人格或精湛的技艺征服日本侵略者……从围棋到京剧到武术，这个故事一直被以各种版本重复着。我看《叶问》和《梅兰芳》是同一天看的，于是这个故事连着被灌输了两次。虽然这都是真事，但也还是希望能拍出点新意来。\n	 纱厂教工人练拳那一场是下半场唯一让我感到震撼的场面，但靠着叶问教的那么一招半式，工人们竟然可以和金山找那群改行做了车匪路霸的悍匪们叫板，觉得有点不靠谱了。\n	好在还有打戏可以看。\n	 叶问以一敌十单挑日本宪兵队，可以说是全片中最经常的一场打戏。这场戏太容易让人拿来和《精武门》中的陈真踢馆来比了，因为李小龙也正是在叶问传授的咏春拳的基础上创立的截拳道，二者都属于实战型功夫。这里不得不赞一下本片的武指洪金宝，这一场群殴极高效地展现了咏春拳招法的精到之处。看这个我是外行，只是觉得比起霸气刚猛的截拳道来，咏春拳更强调贴身近打，招式的变幻更迅疾，而且更注重防守和闪转腾挪，诱敌深入之后再寻机一举击破，下手稳准狠，更有扭断对手关节这样的猛招（这个让我想起了美国过气动作明星史蒂芬史葛的合气道功夫，史老兄的关节技还真不是盖的），看着十分过瘾。那种巧劲还真是像女人用的拳法，因为女人力道小，更知道有劲要往致命的地方使啊！\n	 但是即使是鲍鱼总吃也有腻味的时候，这部戏里叶问的几场打戏存在的最大的问题是重复，最典型的是最后的那一堆雨点般的“粉拳”，和赖师傅切磋用，打金山找用，群殴十人队用，一直到最后打三蒲还用，看到后来一点兴奋都没有了。而且还有很要命的一点是，叶问一开始就被设置在一个高山仰止的地位上，来一个灭一个，不仅最后的胜负无悬念，缠斗的过程也没有起伏，就是一路占优直到最后，太缺乏戏剧化了。于是叶问就跟早年间的007一样，打完以后气不长舒，面不改色，潇潇傻傻的摆个pose，谢幕！就连最后一场boss战也是如此，我一走神的功夫就完了，这个大反派太不禁打了。 \n	 其实比起《梅兰芳》来，《叶问》更像一部人物传记片，截取了人物相对完整的一段人生经历，剧情也连贯。而且叶伟信拍得也很用心，比如叶问单挑日本宪兵队一场中血米袋和烤红薯的细节设计，还有监狱中的光影造型，都是有追求的，但比起《梅兰芳》来，则少了些许大气和精致，毕竟人物传记和普通的武打片还不一样，人物内心还是要挖掘一下的，叶问这个人物在这里太扁平太高大全了，还没有林家栋扮演的巡捕李钊丰富。\n	 从故事层面上说，这电影本来可以讲成一个出世入世的故事，但由于剧情的乏力，难以对人物性格转变进行深入挖掘，于是就讲成了一个武术家下岗再就业的主旋律故事——\n	 一个原本家境殷实吃穿不愁只知终日习武打发时光的富家子弟，后来遭遇变故家道中落，只好走上社会再就业，其间收到了以日本宪兵队为代表的黑暗势力的欺压，于是武术家率领众工友与其展开拼死的抗争，并取得了阶段性局部胜利，为了防止该恶势力的打击报复，武术家决定跑路……这名武术家的名字叫叶问。\n','2008-12-10 11:54','《叶问》：一个武术家的再就业',NULL),(21,80074,'木雕禅师','	《叶问》：抗日武打宗师的缩水模仿秀\n	看《叶问》宣传片时候，非常激动，原本以为《叶问》是部在一个在动荡年代破碎山河，外有列强侵扰，内有政府昏庸、百姓愚昧；一个身怀绝技、忧国忧民的一代武学宗师，胸怀天下，奋发图强；一个真正的英雄传奇的一生。那知道，我看的是：一个家底丰厚不愁吃穿终日习武富家子弟，后来遭遇社会动荡，家道中落，只好自身其力，其间被以日本宪兵队欺压，于是率众与其展开拼死的抗争，并取得局部胜利，为了躲避日本人更严重的报复，决定跑路到香港……这富家子弟就是叶问。虽然说本片跳离了为一己之私仇的狭隘武夫境界，可还是跳不脱见义勇为拔刀相助的侠义主题。\n	《叶问》绝对是达到了一部好的商业电影最基本的标准：观赏性强\n	当然，我坚决相信《叶问》绝不会像某些号称什么多少年无法超越啥的玩意来糊弄观众。《叶问》绝对是达到了一部好的商业电影最基本的标准：观赏性强。影片前半部分轻松、幽默，充分展示了叶问的功夫高深；后半部分，凝重中富于激情，毫不说教的体现叶问的精神力量。就这些方面本片来说已经在进步，就这个剧情发展而言，动作打的再激烈，内涵上也无法和《黄飞鸿》、《精武英雄》那些片相提并论，距离经典还有些远。因为它充其量也就是一部抗日武打宗师的缩水模仿秀。\n	首先，《叶问》逃不开香港电影的一些小家子习气\n	在这里我不得不先提下香港功夫片独特类型版“黄飞鸿”系列。 该系列最具突破及创新处在于凸显时代背景、重塑武学宗师的全新形象。徐克版“黄飞鸿”在展现中西方的政治文化冲突，以及国内民众的愚昧内讧、洋人、官府、江湖的多重矛盾，面对乱世迷惘且具有忧患意识的宗师风范都体现方面做到登峰造极的地步，让人难以忘却。当然现在指望徐克去突破自己的这个代表作都不太可能，可《叶问》有着类似的时代背景（抗日时代，山河破碎），有同样值得发掘的人物形象，却被拍的如同几十年前简单的义勇为拔刀相助剧情，缺乏对现状有清醒认识，对家国何处何从的认真思索。归根结底，逃不开香港电影的一些小家子习气，是典型港片罔顾历史事实的商业运作片而已。\n	凸显时代背景、重塑武学宗师全新形象的黄飞鸿和陈真\n	《叶问》前半部分是武术科教片，后半部分是爱国主义主旋律片，最让我郁闷的就是对抗日本人，这点实在是有点鸡肋，从80年代就被很多电视剧滥用的桥段依旧被本片编剧热衷，国人咋就这么难跳出这个圈子呢，只要是有关日本人和中国功夫的剧情就用这套路，一两个对中国国粹很崇拜的日本高级军官，对一代宗师威逼利诱，大师软硬不吃，最后靠技艺或人格征服日本人或者灭了日本军官……《精武英雄》、《霍元甲》无不如此，甚至最近的《梅兰芳》也对有对抗。当然好的电影桥段是要传承，但不能老照猫画虎。\n	叶伟信把一个大人物，拍的很小家子气\n	实际上我也狂爱看痛贬日本人的片，多年的抗日情绪早已扎根，有血性的中国人是应该愤怒应该记住历史，叶问在狂揍日本人时候，我也在暗暗喝彩，叶伟信自己也说，他觉得叶问比黄飞鸿更值得拍的地方在于，叶问经历了抗日战争年代，这是影片最容易发挥的地方。只是叶导的《叶问》在体现一个人气度和民族自强的情节上交付太少，苍白的平铺直叙，使主角的单薄性格一开始就定型。都知道叶问不败，观影时就少了替主角担心的代入感。而最近的《梅兰芳》面队日本的观念则不一样，理智和温和的多，这或许和时下中日关系有关，中日关系能否超越历史问题（不由得让我想到明年上映的《南京！南京》又是一个怎样的抗日情绪传达）？而香港拍摄的《叶问》直截了当象打沙包一样打日本鬼子，实在解气！要是在打日本鬼子的同时表达了叶问的气度、胸怀、政治文化冲突、忧患意识……那该多好。叶问这个人物没有设计太多戏份和细节来突出性格，描写的淡而无味。一个大人物，拍的反而很小家子气。\n	抗日战争年代，这是影片最容易发挥的地方\n	其次，《叶问》在武学上缺乏研讨\n	现在满网络都在吆喝叶问打的多爽多痛快，甚至不少人声称将开辟甄子丹动作时代的到来，那么《叶问》动作到底有多好呢？咏春拳，我不是行家，外行看热闹，我也觉得视觉效果很不凡。《黄飞鸿》的动作视觉效果不可不提相信没人否认，长短套路皆能挥洒自如，功夫打斗硬桥硬马，狭窄空间优美凌厉，甚至一个招牌的佛山起手式，成为了功夫电影里最出名的POSE，精湛的导演手法与气魄的配合,打开了极大气的格局；《精武英雄》精彩的搏击实战，陈真实战为主的“搏击”观念、船越文夫强调精神，修为的武术观念，都已经将功夫上升到一种思想上的作为。《叶问》几乎甚少涉及这方面的武术哲学、思想境界，本片武学观念最高的高度，也无非就是不分门派，取长补短以及把对手击倒。\n	叶问以一敌十可以说是全片中最精彩的一场打戏\n	叶问以一敌十可以说是全片中最精彩的一场打戏。也就这场戏能让人拿来和《精武门》中的陈真踢馆相比，关于咏春拳，在二十多年前的《赞先生与找钱华》中，洪金宝已经详细的解剖过这拳法的由来、历史、拳法架构及精妙之处。如今的《叶问》动作实属翻炒《赞》片，招式欠缺新意不说，就连密集的粉拳暴打心口也是和洪金宝在《赞》中一场打法一模一样。甚至《败家子》中动作也精彩不断，《叶问》如今呈现的视觉效果要归功如今高速发展的先进技术，因为《叶问》的视觉和听觉刺激很多来自快速剪接的效果。当然大哥动作设计怎么说也是今年难得的精彩漂亮，甄子丹也展现得淋漓尽致。或许我们看到的续集里叶问才要讲述精神，修为的武术观念。\n	《叶问》甚少涉及武术哲学、思想境界\n	大哥动作设计怎么说也是今年难得的精彩漂亮\n	《叶问》动作实属翻炒《赞》片，招式欠缺新意\n	第三，演技、剧情限制的严重缩水宗师形象\n	现如今人民的口味都很刁，一部弘扬民族大义和个人传记的影片不一定获得观众认可，《霍元甲》、《梅兰芳》无不如此，《叶问》虽说本电影一直力求着激起的爱国热情令人振奋，打的畅快解气，但无法回避剧本的粗糙，无法表现出一代大师风范。\n	对于甄子丹的表演，我觉得这是他有史以来演得最好的一部片子了\n	对于甄子丹的表演，我觉得这是他有史以来演得最好的一部片子了，电影好在没有霍元甲的刻意拔高，没有杀破狼的单纯打斗，使《叶问》足以成为甄子丹的代表作，叶问这个角色来说，扮起来并没有太大的难度。比不过李连杰在《投名状》的演绎，人物的复杂性匪夷所思。《黄飞鸿》、《霍元甲》中李连杰与《投名状》中的李连杰相比，绝对是截然不同的两个人！而《导火线》里的甄子丹不会逊色《叶问》里的甄子丹多少（拿李与甄相比，他们的粉会用砍我吗），只是甄子丹对叶问这个人物的表现，让人只承认他的儒雅风度，也只能承认他是一条好汉，但却无法认可他便是一代宗师叶问，恐怕这是影片表现上最失败之处。\n	唯一的女主角熊黛林的表演显然中规中矩，多了拘谨，少了活力\n	唯一的女主角熊黛林的表演显然中规中矩，多了拘谨，少了活力（比林志玲还真是强不少，起码不雷人）。金山找确实是很出彩的，但却没有完全融入到影片中，甚至莫名其妙没了下文，着实可惜，樊少皇嚣张气焰和一身江湖草莽气十分抢眼，据说原有的版本中，三浦将军对山东方言的金山找告密十分不屑，于是杀了他，这个结局被电剪局阉掉了。有点点类似《黄飞鸿》中的严振东，增强戏剧冲突，不过严振东的经历、转变、迷失以致为洋枪击毙更脉络清晰，层次分明。而林家栋扮演的这个人物很丰满，随着身份的变化，为家庭，为生活，为朋友，极好的表现了本片最具悲剧性的一个人物，原版是林杀死了日本军官后被愤怒的老百姓误杀，那样真的更具有悲剧色彩，且又完全能够令人信服。其他配角也没得多谈，毫无发挥可言。\n	樊少皇江湖草莽气十分抢眼，却莫名其妙没了下文\n	林家栋扮演的这个人物很丰满\n	为了展现宗师气度和民族自强的情节，影片有好几处刻意清洁，最雷人的就是全棉纺厂工人集体学习咏春拳了，数年甚至数十年难学会的咏春拳，这样临时抱佛脚也就算了，还敢主动出击PK群匪。\n	最后的终极BOSS弱到被主角当沙包打\n	全棉纺厂工人临时抱佛脚还敢主动出击PK群匪\n	还有比较搞的是本片用字幕来仓促开头、穿插甚至收尾，实乃一大败笔，就好象我看到了国内《黑社会》、《放逐》上映后那些黑屏字幕感觉一样，很不舒服。如果用场景镜头来表现叶问在香港开馆授徒，齐练咏春不是更具气势吗？字幕纯属多余（一方面也反映了《叶问》为了赶好档期而将某些镜头处理的粗糙了点）！几场打斗下来，结尾大战如此儿戏，甚至让人有胜之不武的感觉。\n	叶准的介入，让很多桥段肯定无法显在大屏幕上\n	最近上映的《叶问》、《梅兰芳》这两部传记片，先不说国内对于这些题材的限制，就两片学都选择主角的后人作顾问，这样的做法有利有弊呢？叶问就是民国版黄飞鸿，熊黛林象十三姨，金山找也象严振东等，只可惜都是缩水的形象了。叶准的介入，让很多桥段肯定无法显在大屏幕上，例如叶问是在国民政府任职过程完全忽略，连续的两部电影主角不够丰满或者说立不起形象，我想最根本的是后人干涉，好端端给这些优秀的题材套上了纸枷锁！\n','2008-12-18 17:21','《叶问》：抗日武打宗师的缩水模仿秀',NULL),(22,76187,'时光电影院报道','	 \n	新世纪影院\n	 在大街小巷都弥漫着圣诞气息的季节里，电影院也拉开了浪漫节日序幕。这部极富圣诞气息的《\n	圣诞传说\n	》将呈现给中国观众原汁原味的西方文化，并将在国内为数不多的影院同大家一起欢度圣诞。\n	 12月17日15：00，《\n	圣诞传说\n	》将在\n	新世纪影院\n	进行超前点映，届时将有从芬兰圣诞老人村赶来的圣诞老人现场助兴，受邀明星也会与观众交流，惊喜不断，大家不要错过。\n	新世纪影院\n	现已开始预售超前电影场次影票，60元/张。购买该场次的观众，\n	都可获得影院送出的圣诞祝福，精美圣诞小爆米花一份。\n	 圣诞期间，\n	新世纪\n	将推出“冷暖相知套餐”，\n	推出特色热饮套餐，在寒冷的冬季为观众送去温暖，同时\n	新世纪\n	与\n	新东安影城\n	联手推出“美丽女人套餐”“圣诞超值套餐”等各种活动。超值套餐内会推出：可爱情侣玩具熊、指环王情侣戒指或项链、电影票以及浪漫的情人巧克力等\n	,各种套餐,任你选择。在看电影的同时让你的朋友、情人、爱人或亲人，感受更多惊喜、浪漫与温馨，让你的2008年圣诞终生难忘。\n	 \n	新东安影城\n	休息区\n	 \n	新东安影城\n	在圣诞节后将迎来8岁生日，除了为观众献上年底各贺岁大片外，\n	新东安影城\n	还将于28日-31日店庆期间，推出超值大爆米花套餐，连续4天，只要购买大爆米花就可获赠大套餐。单品价格，套餐享受。另外，在店庆期间凡是会员和零售票价购票的观众，还可获赠即将开业的位于金宝汇的——金宝百丽宫的观影体验券。\n','2008-12-15 15:13','新世纪影院浪漫圣诞 新东安影城店庆优惠',NULL),(23,76187,'老何','	 很久没看到一部真正意义上的圣诞题材的影片了，想去看看，毕竟是圣诞节吗，当然冯导的贺岁片也必须搂搂，《圣诞传说》名字很诱人，千万别被忽悠了。\n	 看客漂流\n','2008-12-03 14:18','不妨看看',NULL),(24,76187,'李昱琨','	 \n	文/\n	李昱琨\n	最近的贺岁电影市场着实热闹，有《梅兰芳》的“文”、《叶问》的“武”、《女人不坏》和《非诚勿扰》的“闹”。那么，在众多的华语电影的“夹缝”中挤进市场的今年最后一部进口片的芬兰影片——《圣诞传说》是怎样的一部影片呢？\n	笔者带着这样的疑虑观看了影片，发现这是一部充满了诚意的、关于爱的温情影片。在具体说影片之前，我想先批评一下影片的大陆市场宣传方，他们给这部影片的宣传词是“贺岁档唯一魔幻大片”，可能在宣传方的某些人看来中国观众只认“大片”，其实，我觉得还是有相当一部分观众喜欢看文艺片的，而且观众的观影习惯是可以培养和引导的。影片除了最后的几秒钟有一点点魔幻色彩外，其它部分都是非常写实的，更像一部比较文艺的人物传记片。\n	圣诞老人——尼古拉斯，在圣诞前失去了爸爸妈妈和妹妹，从此每年圣诞都到一个村民家里住一年。用中国话讲，他成了一个吃百家饭穿百家衣长大的孤儿。尼古拉斯是个有爱的孩子，但他的爱一开始是“小爱”，他只做圣诞礼物送给他的妹妹——掉进湖里的小女孩，后来，他也做圣诞礼物送给那些他曾经住过的人家的小孩，直到后来他把这种爱升华到了“大爱”的程度——把圣诞礼物送到他所能到的芬兰各地。尼古拉斯在这个成长过程中，有过痛苦，有过失意，也有过愉快，影片表现这一切时显得是那么的真实、自然，让人看到了圣诞老人也是一个活生生的真实的人，让我们看的时候嗓子总是干干的眼眶总是红红的，让我们一个小感动接着一个小感动。不像我们的有些国产影片在描写正面人物时，老是塑造那些“高大全”的形象，而让观众昏昏欲睡。\n	影片最为感人的是尼古拉斯和他的最后的养父伊萨卡之间的关系，伊萨卡最一开始同意尼古拉斯在他家住一年，是因为他看上了尼古拉斯的木工天才，是让尼古拉斯来给他干活的，他会踢正在熟睡中的尼古拉斯起来干活，他让尼古拉斯叫他“主人”，而他自己则叫尼古拉斯为“尤利”， 并且粗暴地弄断尼古拉斯爸爸的刀子……但是，外表冷酷的伊萨卡其实有着一颗善良的心，他对尼古拉斯这样，是因为尼古拉斯常常让他想起不在自己身边的两个儿子。所以在后来一切都在慢慢的改变：\n	 \n	片段一：尼古拉斯把屋子收拾的很干净，伊萨卡吃惊得合不拢嘴，但还是说“这我以后怎么找东西啊”，他的心开始软了；\n	 \n	片段二：尼古拉斯偷偷在工作间做小玩具，伊萨卡发现了非但没责怪，还修好了掉在地上坏了的人偶，和尼古拉斯一起送礼物，他开始变得有爱心了；\n	 \n	片段三：和尼古拉斯一起在冰面上，称呼从尤利到尼古拉斯，主人到伊萨卡，还把尼古拉斯爸爸的刀修好啦，他已经完全接受了这个可怜的孩子；\n	 \n	片段四：儿子们接他离开，他把一把钥匙留给了尼古拉斯，并说“这是我的毕生积蓄，请尽量理解我！”，充分表达了他对尼古拉斯的爱！\n	 \n	是伊萨卡给了尼古拉斯一个固定的家，使得他流浪生活的结束，并给了他一笔宝贵的财富——不单单是那箱子金钱，（这箱子金钱成为了尼古拉斯做圣诞礼物的经费）更重要的是让热爱木匠工作的尼古拉斯学到了很多东西。如果没有伊萨卡，或许就没有今天的圣诞老人！\n	除了故事情节，最最令我难以忘怀的便是整部影片里芬兰的雪景！据资料讲，影片为实景拍摄！芬兰的雪景真的是太美了！小小的尼可拉斯披着可爱的灰色小斗篷在雪地里奔走的样子，配合着有节奏的“咯吱咯吱”的声音……就让人从内心里感到无比的美好与幸福！\n	所以，笔者认为今年的圣诞走进影院看场《圣诞传说》，你或许会觉得这个圣诞很温暖！\n','2008-12-24 08:45','《圣诞传说》：他拿礼物报答爱',NULL),(25,57801,'乾隆','	 \n	伟大的《七剑》绝迹江湖三年了，何时归来，甚至是否还有有机会归来，不得而知。三年了，老怪在和另外两个老顽童玩了一场《铁三角》的游戏，《深海寻人》未果之后，开始和郭在容合奏一曲现实版笑傲江湖（小飞语）。\n	 对于郭在容的《野蛮女友》曾经有些许感动，但不感冒。《女人不坏》却很期待，非常期待。徐克是我心目中屈指可数的几位电影大师之一，无论武侠还是喜剧。而且，徐克是懂女人的。真正可以拍好女性电影的香港导演并不多，许鞍华、关锦鹏、陈可辛，还有徐克。在老怪的电影世界里，女人可以是配角，可以是花瓶，但绝对不会是摆设。老怪布局的《铁三角》中也刻意安排了孙红雷的女儿这样一条线索，但是在林岭东的搅局之后，杜琪峰破局时这个铺垫已经荡然无存。不说《青蛇》、《刀马旦》、《梁祝》这样女性为主角的作品，甚至在徐克阳刚豪迈的武侠世界里，我们放开金镶玉、东方不败、十三姨这些女主角，诗诗、蓝凤凰、岳灵珊一干配角哪一个不是入木三分？还有那惊艳得让我至今念念不忘的瓜葛洛。\n	 三个女人一台戏，徐克深谙此道。22年前的《刀马旦》精彩绝伦，今天的《女人不坏》会唱哪一出？\n	 《女人不坏》的开场的确非常出彩。尤其是张雨绮的出场，真的是行云流水般一气呵成，无论是喜感还是镜头，这创意只能来自徐克。当时，激动的我心底一阵欢呼：老怪，你终于回来了！但是很遗憾，这是开始，竟然也是结束，精彩到此戛然而止。余下的时间成了一个混乱的故事和一段超长的植入式广告。\n	 张雨绮饰演的唐露是全片最容易出彩的角色，她是现实生活中女人的精神偶像。她拥有平凡女人所想拥有的一切。不能说徐克比周星驰更会用张雨绮，只能说唐露比《长江7号》中的老师更适合张雨绮。“你认为我的能力是靠我的外表还是我的本事？”“你的外表也是你的本事啊！”甚至这是张雨绮唯一的本事，起码从《长江7号》和《女人不坏》看来。象束衣同志所说的，张雨绮只是让我们更加想念红姑了，怀念那个也许永远不会再来的时代了。\n	 这次桂纶镁的表演是三个女人中最好的，把一个现代女孩的神经质展现得惟妙惟肖。但是戏不在她身上，故事的主线也不是铁菱，一些可以放大的情节被匆匆带过。周迅的角色设计本身就有问题，发挥也就无从谈起。郭在容设置了三个分别活在自我世界、幻想世界和现实世界的女人，本来是很好的立意，但是在铺展细节时却混乱不堪。至于一干男配角，勿用多说，换谁演都一样。只要片中的“女人不坏”，电影就成功了。但是整出戏都像泛泛一样患上了突发性僵硬症。\n	 《女人不坏》还是有很多笑点的，这些鬼马的设计应该来自老怪。除了唐露出场之外，像周迅和冯德伦“床戏”的“还行不行“和密密麻麻藏在石膏中的费洛蒙，桂纶镁登台演出的通电话被麦克风扩音和幻想和“x”合唱，张雨绮呼吸到方中信的费洛蒙和遭遇方中信表白浑身检查费洛蒙，张之亮肚子上的问号和丑女全身洒满费洛蒙引发男士集体献媚表白等，都让人会哈哈大笑。虽然最后唐露继续坚持她的骄傲的设计让我动容，但是郭在容的剧本并没有让徐克尽情挥洒，郭在容也不了解徐克，两个人格格不入，合奏的笑傲江湖以断弦落幕。\n	 前两天看李咏访谈王中军，称其为中国电影植入式广告第一人，在小钢炮的贺岁片中将广告植入得无孔不入。我们明白也理解，电影也是商品。所以我们在接受007同志纠正\n	爱娃\n	·\n	格林\n	说：“不，是欧米茄”也欣然接受《女人不坏》中楼盘、网站、汽车、服装等无孔不入的广告。但是当银幕上光明正大堂而皇之喊出了拍卖品是“周大福”金饰的时候，我还是彻底崩溃了。这还是我们的老怪吗？被并不搞笑的设计被抬高到6000万的拍卖品是《女人不坏》的票房目标吗？\n	 电影中的周迅在用费洛蒙寻找爱情的另一个真相。徐克也在使用《女人不坏》寻找电影市场的另一个真相。很遗憾，这次试验失败了。起码在我身上。\n	 三年前和《七剑》一样遭遇“禁武令”的《无极》陈凯歌凭借《梅兰芳》已经回归。而徐克，你还要我等你多久？\n	 我一直在说服自己，老怪的电影不会这么平庸，也许才疏学浅的我多看几遍（或者看原版）才能明白其中的精辟。但是，我实在没有兴致，起码短期之内，再见到这三个“仅仅不坏“的女人了。我更愿意更用力去爱也许彻底绝迹江湖的《七剑》。\n','2008-12-15 13:24','《女人不坏》徐克的突发性僵硬症',NULL),(26,57801,'春懒','	今天很累，但我依然要忍住困意，记录下我看完《女人不坏》的一点感想，因为我怕到了明天，就记不起这部电影了。\n	记得几年前的一次上海电影节的酒会上，听一位香港电影人讲了这样一个故事，一次几个香港电影人一起喝酒，徐克微醺，对其他人说，以前拍电影就好像回家，比上眼睛也可以走回去，现在呢，回自己家还要一路看着指示牌才能找到，这段话我一直记得。我很明白他的意思，以前的香港电影繁荣时期，香港电影人凭借着他们勤奋、灵活和百无禁忌的创造力还有香港的经济繁荣的基础，可以尽情的拍自己的电影。而现在，在小小的香港岛已经无法满足市场需求的情况下，香港电影人突然发现自己要面对的是一个从未遇到的困境，大陆电影观众与港人迥异的多元化口味，变态而且无从捉摸的电影局和审查制度，大陆电影发行公司莫明其妙的想法和要求，即便强大如徐克亦心生困惑。\n	几天前，去参加艺术人生徐克的访谈，原本是安排我和小飞登人上去与徐克聊上几句的，当时我最想问徐克的就是，现在你能轻松自如的找到回家的路了吗？可惜，这个环节临时取消了，不过看过女人不坏，我想我还是隐约的知道了答案，徐克依旧在努力寻找着回家的路。\n	雄心勃勃的《七剑》系列刚开篇变因为票房的惨败戛然而止，尽管徐克以及许多他的影迷都清楚这是一部多么出色的电影，也可以想象得到那也许再也没机会问世的剩余5部将是多么雄奇壮阔的武侠史诗。我们无法谴责投资方的急功近利，市场就是这么残酷。在自己的伟大计划流产，徐克远离了自己最擅长和挚爱的武侠片。\n	于是我们看到了玩票性质的1/3部属于徐克的悬疑片《铁三角》，平庸的惊悚片《深海寻人》和这部我一时想不起该如何形容的喜剧片《女人不坏》。让我自己都很吃惊的一点是，《女人不坏》居然没有一处打动我，这在徐克电影里是无法想象的。即便平庸如深海寻人，最后两个人向大海深处游去的镜头依旧能深深地感动我。\n	女人不坏并不算差，当然，也仅仅是不差而以。整部电影看下来轻松流畅，故事在较为从容的状态下还能保持紧凑的节奏感，时尚感和喜剧感很自然的充盈在影片里，三个主演角色的性格鲜明，三条线的组合有条不紊，影片中还不时冒出点有灵气的幽默。\n	作为一部喜剧，我在影院中至少听到了7、8次较有规模的笑声，不过离小飞同学所谓的“喜剧经典”相去甚远，当然这里的经典是按我个人标准衡量的。女人不坏大部分笑点还是停留在“肥婆掉水沟里”或者比之略好点的层面，比如笨拙的周迅被撞倒，在地铁上被撞破眼镜，跳舞时被舞伴抛到地上，下楼时被人莫名其妙的砸到受伤，或者类似，这样的场景时会让人笑，但比起通过巧妙的剧情设置和人物矛盾冲突而造成的笑果显的不够高级，也无法留下太深印象。\n	里面的三个主要人物情感和性格发展的设置显得生硬、突兀。特别是张雨绮，莫名其妙的从一个唯利是图的女强人转而要大发善心帮助与自己不相干的摇滚歌手们另寻摇滚乐园，从方中信那里闻到费罗蒙的反应让我觉得那不是催生爱情的费罗蒙，而是传说中的“奇淫合欢散“或者排名其次的“我爱一根柴”什么的，而她在舞台上突然抄起二胡狂扭水蛇腰的镜头让我等了半天，以为还要再蹦上来11个，最后，在听到放中信求婚后那场戏除了欠扁不知道说什么更合适些。\n	徐克排了两场假想的战争戏，第一段来表现女强人的超强杀伤力，“死“在她手下的男男女女数以百计，另一场是表现她的挫败感。这两场戏并无新意，而且略显突兀，比起少林足球里面球场上那段戏仿大兵瑞恩来差了许多，有些做作。而与这段同样是败笔的，是周迅一身婚纱在前面跑，后面几十个男人追，这样的场景我看了不知道多少遍了，很不明白徐克为何会用这么滥俗的桥断。\n	徐克是我最喜欢的导演，甚至在某个角度来讲，他就像死亡诗社里的基廷老师一样，是我和许多人的“船长”。我不能站在桌子上对他说“o captain,my captain”，只能等着看他一部又一部的电影。对于喜欢他的人来说，面对他的作品，有的会爱屋及乌的觉得好，甚至连瑕疵都散发出迷人的光环，有的则爱之深恨之切，只要自己不喜欢的作品便痛心疾首。\n	今天在给一个朋友的短信里说，看完女人不坏心里很矛盾，对徐克总希望他能拍出有分量的作品来，就像东方不败黄飞鸿那样，无论什么时候拿来看，都依旧可以打动我，具有超越时光的经典性和直指人心的力量。但作为一个生性自由洒脱的导演，徐克一直就没有循规蹈矩固守成规过，他总是不断的打破，不断前进，这种前进来源于内心的浪漫和对电影的爱，不会被我们所左右，我们也不能强求他总是拍自己喜欢的东西。就像他自己说不愿意被称为武侠电影导演一样，任何定义对于他来说都太狭隘了。\n	尽管对于女人不坏全无感觉，过目即忘，但依旧很喜欢今天首映式邀请函上面徐克的文字：“两年前夏日醉卧，偶得女人不坏之灵感。时光匆匆脑海中种种有趣之人物在电影里成活，心中喜悦。今日诚邀君与我相聚，以共谋醉观影。”\n	所有伟大电影的源头不都是这份赤子般的真诚吗？有了这份真诚，即便电影如片中周迅的名字一样“泛泛“又有何妨呢？\n	ps 会不会徐老怪自己也觉得这部电影注定了不过是他作品里平平无奇的一部，于是给女主人公取名“泛泛“呢？哈哈，纯属胡猜。\n','2008-12-10 02:50','沉醉不知归路的徐克——看《女人不坏》',NULL),(27,57801,'夜過鴉','	6\n	.7\n	/\n	8\n	.0\n','2008-12-19 13:21','女人其实不坏，只是有点贪玩',NULL),(28,45728,'Lee-S','	断断续续的看了\"桃花运\"\n	90分钟的电影\n	我看足了3小时...\n	实在是找不到电影看了...\n	并不是说电影不精彩 \n	有些剧情\n	永远不会发生在我身上\n	只是有点小感触\n	全部看完\n	就两个字\"相信\"\n	不知道人和人之间\n	到了多微观的距离才会彼此信任\n	有人的观点说:女人很笨\n	男人说上几句花言就把沉甸甸的真心托付了\n	葛优不搞笑\n	我把这电影看成了纯爱情片\n	元秋饰演的女人 跟一个年轻男子\n	一直觉得\"姐弟恋\"会很尴尬\n	特别是跨度如此大 \n	老女人更好\"骗\" 死死的相信这个骗子\n	骗子进班房 她还是相信\n	我也相信了其中的感情\n	李小璐是个有钱人狂\n	没钱的男人不要 城市里 不乏这类\n	最后的抉择\n	她还是选择留下了\n	天真小女人\n	小宋佳好像就是个追求爱情的小女孩\n	影片刻意营造了\"一见钟情\"场景\n	老旧的电车\n	蒂固的观念一样 门当户对\n	城市跟农村\n	之前看过的\"中国式结婚\" 说的是婚后\n	婚前一切浪漫\n	后来的事 \n	不知晓\n	就这里吧\n	本来想放松下的\n	还整出来一篇东西\n	休息了\n','2008-12-18 22:15','我说 这是桃花劫',NULL),(29,45728,'青秧','	　\n	　\n	 \n	 张楚：《结婚》\n	　　情节一言以蔽之，老中青三代剩女拼命把自己嫁出去引出的悲喜剧。影片一开头女主角们一个个跳出来介绍自己，叙说境遇，共同的心声都是需要一个男人，不管这个男人是有钱的，可靠的，爱孩子的，懂浪漫的，总归是要把自己嫁出去。没有什么比剩女更好归类的了，她们殊途同归地走在一起，脸上刻着三个大字：“我要嫁！！”20岁以上的女人只分为两种：已婚尚未离异；剩女，这是一个多么庞大的潜在观众群，马俪文本来可以发挥性别特色，在今年龙争虎斗的贺岁档中杀出一条桃花之路来的，可惜它用凌乱的故事和陈腔滥调的内容挡了自己的道。\n	　　类似的想起张扬的处女作《爱情麻辣烫》，也是用结婚串起几个小故事，从青涩纯美的初恋，到一见钟情的火花，新婚燕尔的甜蜜，再到七年之痒的化解，中年危机的爆发，老来相伴的静默，清新而生动的爱情小品，好多年过去了，这串爱情麻辣烫的味道依然爽口。这次马俪文再度用形形色色的爱情故事做菜，却煮出来一锅面目凌乱、味道温吞的东北乱炖。\n	 炖得真够乱的\n	 　影片拍摄周期长达两年，期间因为葛优怒而辞演，仓促之间又建了新的演员组。制作过程中的一波三折，明显损害了影片的完整性。《爱情麻辣烫》的五个故事讲述得相对完整，相互偶有穿插，但都由王学兵和刘婕这对拍婚纱照的小夫妻串起来，线索很清晰。而《桃花运》的五个故事都被完全打散了再拼贴起来，宋佳和李小璐作为好朋友，两个人的故事有一定的联系，但梅婷、邬君梅和元秋三人的故事完全不相干，其中邬君梅和葛优这段又戏中戏地闪回出两场骗局（FBB就是在这戏中戏中出场的，严格算起来，戏份只占1/5*1/3=1/15），搞得跟俄罗斯套娃似的。而且因为葛优的辞演，可能的确剪辑素材不够，这段明显的无疾而终，缺乏交代。整个故事线真是剪不断，理还乱。\n	　　节奏也有问题，从一开场，就是一个快半拍的节奏，不管是镜头的处理（很多特写的摇镜头，快切）；还是情节的发展，甚至配乐的松紧，都是在这个略快的节奏上，以这样的快节奏在五条线上来回切换，中间少有起伏，也从未真正推致高潮，影片像是《摩登时代》中可怜的卓别林，螺丝没拧好，反倒把自己给绞进去了。\n	　　这已经够乱了吧，还有更添乱的。影片中的5个故事明明都是发生在当下的，却非得在时代背景上玩一把穿越。范冰冰的丑女复古造型是宣传时的一大卖点，发型、衣服和室内陈设都古到八十年代去了，不过是葛优在邬君梅之前行骗的事儿，中间却好似隔了近十年；梅婷的发型打扮以及她与耿乐相识相恋的方式特别的九十年代初，但笔记本和新款手机的出现又把观众拉了回来。至于李小璐、宋佳那拨就时髦得紧了，最后还点了一下正如火如荼的金融危机，紧跟形势，亦步亦趋。这样的细节处理除了混淆视听，把观众整糊涂，可有什么我理解不了的深意？？\n	　　抛开整体的结构不说，单就每个故事而论，似乎都有点虎头蛇尾，漏洞百出。梅婷和耿乐因为性观念的分歧而分手，再没做任何交代，影片结尾梅婷却披上了婚纱，嫁给耿乐。从分手到结婚，这一步也太凌波微步了吧，也没见之前有何铺垫啊，难道就因为梅婷拒绝婚前性行为，只要结婚，问题就烟消云散，皆大欢喜么？那耿乐的心理转变呢？完全没有呀。还有李小璐追求富二代段奕宏的事儿，也被处理成拜金女动了真情。但还是存有歧义，李小璐在公司快倒闭时留下来也可理解成为搞定富二代下更大的赌注。\n	 \n	富婆元秋觉得有这个年轻男人在身边陪着，就算是被骗也值了\n	　　\n	关于女人的陈腔老调与关于男人的“骗子，都是骗子！！”\n	　　刚开始还以为影片要塑造新女性表达新观点反映新思想呢。但盘点了几个剩女的归属后发现：年轻貌美的都得了善终——梅婷和宋佳都找着可意的披了婚纱，李小璐也八九不离十，傍定富二代，前途光明。中年离异的邬君梅最惨，赔了夫人又折兵，卖了房子又怀娃；而老富婆元秋一片痴心苦等锒铛入狱的郭涛，且不说郭涛的假戏真做到底有几分真，但这种苦情戏代价太大，成本太高，情当然是可以倾的，要掏心也没关系，但钱不是每个老女人都烧得起的，即便有得烧，也不能保证能否在虚情假意的铁石心肠里炼出点金子来。想想过上后现代生活的“姨妈”吧。纵观这场剩女大甩卖，除了应证了趁年轻赶紧嫁，老女人很惨，离了婚又带娃的女人更惨，这种滥掉渣的理论，还有什么更新鲜的东西呢？这样的理论自有七大姑八大姨鼓噪着轮番宣说，求一念间暂停不得，还用花钱去影院复习么？\n	 \n	 葛优和郭涛两个都是专骗女人钱财的拆白党，五条线中有两条是骗局，深究起来钓富二代的李小璐也算，是想要警醒观众，世风日下，莫网恋，莫信中介，动什么别动感情，做好婚前财产公证么？三三两两或是成群结队的女人跑来向尚在迷误中的邬君梅和元秋控诉：“骗子，都是骗子！”这是饱经挫折的剩女们在高喊“我要嫁”的甩卖宣言时，忍不住咬牙切齿对无数毁灭她们梦想的男人们啐上的一句。\n	　　小宋佳和李晨还算煽情的小爱情，在这滩浑水与骗局的映衬下，也没那么清爽了。富家女找了个可靠的穷小子，梅婷耿乐在性上纠结，五个故事围绕的都是钱和性，这是皮，感情与婚姻都是在此之上的衍生物，是毛。如此一来，男人女人都整得有点不堪，甚至有几分惨烈了。\n	　　马俪文之前的《我们俩》是很好的一个小片，像是经年累月掌勺，不经意间就烧出的私房菜，很有自己的味道。没想到这次场子大了点，吃客多了些，竟慌了手脚，乱了方寸把食材都一锅闷，做了桌东北乱炖。要是《梅兰芳》不提前上映，也许还能多招揽些饥不择食的南北吃客，但眼看着那边色泽更好排场更大的菜陆续要上了，这乱炖怕是不大好卖。\n	为了钓上富二代段奕宏，李小璐使劲浑身解数\n	梅婷和耿乐：性还是不性，这是一个问题？\n	小宋佳和李晨——富家女和穷小子\n	葛优与范冰冰的“床”戏\n	一句话乱评：\n	　　段奕宏演得不错，给这个苍白的富二代加了点自己的魅力，舞跳得够骚。李小璐还是脱不掉杨晓芸的影子。\n	　　耿乐不时夹杂的英文和梅婷很纯很土的造型怎么那么别扭呢。\n	　　有长成葛优这样的拆白党么？\n	　　葛优骗了三个女的，只正面给了和范冰冰的激情戏（和《苹果》比起来就很不激情了），FBB都快成噱头代言人了。\n	下一页：小宋佳和李晨穿越婚纱照：\n','2008-11-20 00:19','《桃花运》：从爱情麻辣烫到爱情烂炖',NULL),(30,45728,'木马小毅','	关于我\n	 这是一个周日的下午，天下着小雨，我步行半个小时，来到附近唯一的电影院。依旧是独自在电影院漫长的楼梯上吃力地往上爬，每个周末如此，小包里装着一罐雪花淡爽和一包红烩味薯片。昨日节气小雪。我仰着头走着，撇开不断擦身而过的对对情侣。\n	 \n	站在售票台的时候，我犹豫了，在《桃花运》和《生死新纪元》之间犹豫，摸着口袋里为数不多的钱，愧疚感，目前上映的片子只剩这两部还没看了。\n	 埋头递给售票员姐姐我的会员卡，七排七座。再抬头看见葛优在花团锦簇中的大幅海报，明星那么多，还是不要抱太大希望吧。 \n	 \n	空荡荡的六号小厅，总让我感觉他们在为我一个人放映。\n	 我笑了，默契的一笑，剩女的悲哀。\n	 \n	电影最终不就为了让你看到别人的喜怒哀乐后，轻轻一笑么？\n	关于导演\n	 \n	 或许导演的本领的确欠了些，会遭些恶评；也或许大牌云集，会有粗烂之嫌，剧组的钱应该都花去请了明星。可是，我觉得应该谢谢这位女导演，中国不知什么时候才会有真正关注女权的电影。从某个角度说，她的语言代表了相当大一部分没有话语权的女性，如暂时没有机会自己去拍的我。也如我寝室里的另外三个剩女。\n	 \n	某人说的好，国产片是一个尝试过程的产物，她还不成熟，她的产物也都不成熟，大家没必要凿凿究其错，你自己去拍，搞不好连她的一半还没有呢。\n	 我相信会好起来的，有了这些许失败的经验，不止导演本人，包括后来者都会借鉴和反思，但前提是，做出各种好的题材和主题。\n	关于故事\n	 \n	 整个故事简而言之：就是社会不同阶层中的老中青三代剩女的故事。她们有的坚贞保守，有的热情主动，有的人老珠黄，有的拖儿带女，还有一个富家小姐。她们成为剩女的原因也各有不同。交错在一起的五个小故事，倏而小小地感动了我。 \n	 真实的有些令人发窘。热热闹闹的大学里，粉粉嫩嫩的寝室里，四个女孩们讨论最多的就是男人。某女说的好，“没有男人的女人眼里全是男人。”呵呵，你不是剩女不知剩女的心思。\n	 电影不一定要故事多么新鲜，讲故事的方法多么完美，画面多么精致，对白多么隽永。关键是看的人能理解，能投入。看过后心里还回味着，挂念着。如果挂念她的是小众，就说她是失败么？\n	 \n	有人不明白这算商业片与否，有人质疑虎头蛇尾，我觉得就连导演也不知道怎么结尾吧。那么多白领单身着，那么多单身妈妈背着孩子，那么多纯情女生在性与不性间纠结，却还有那么多不负责任的男人在说：“爱我就给我”，还有那么多骗子干脆地拍拍屁股走掉留下一汪汪泪泉，还有那么多忧愁和愤怒的女人单身着。谁能告诉我，怎么结尾？\n	 女孩的骨子里都有那么一丝小小的祈愿：1.嫁个有钱人。2.嫁个不仅仅对性感兴趣的人。3.嫁个不在乎钱只在乎自己的人。4.嫁个在自己生病孩子生病的时候不离不弃的人。5.嫁个等自己老了能陪在病房喂粥的人。其实我们都知道，这是多么宏大的愿望啊。\n	 没有了这些，女人们不敢轻易去爱，轻易结婚。剩下的就都变成悲戚的剩女了。\n','2008-11-23 16:53','天下剩女一大悲——《桃花运》',NULL);
/*!40000 ALTER TABLE `comment` ENABLE KEYS */;
UNLOCK TABLES;

--
-- Table structure for table `movie`
--

DROP TABLE IF EXISTS `movie`;
SET @saved_cs_client     = @@character_set_client;
SET character_set_client = utf8;
CREATE TABLE `movie` (
  `id` int(11) NOT NULL auto_increment,
  `name` varchar(80) NOT NULL,
  `director` varchar(20) default '',
  `actor` varchar(80) default NULL,
  `category` varchar(20) default NULL,
  `description` text,
  `poster` varchar(200) default NULL,
  `preview` varchar(200) default NULL,
  `online` varchar(200) default NULL,
  `duration` varchar(20) default NULL,
  `zone` varchar(20) default NULL,
  PRIMARY KEY  (`id`)
) ENGINE=MyISAM AUTO_INCREMENT=84648 DEFAULT CHARSET=utf8;
SET character_set_client = @saved_cs_client;

--
-- Dumping data for table `movie`
--

LOCK TABLES `movie` WRITE;
/*!40000 ALTER TABLE `movie` DISABLE KEYS */;
INSERT INTO `movie` VALUES (52507,'预见未来','李·塔玛霍瑞',' 尼古拉斯·凯奇  朱丽安·摩尔  杰西卡·贝尔  ','惊悚/动作/科幻','　　原来魔术师并不都只会一些骗人的小把戏，他们中也可能有人拥有特殊的能力，只是假装成是普通人而已。克里斯·约翰逊就是一个拥有独特超能力的魔术师，他能够看到未来几分钟发生的事情，但对于他来说，这种神秘的天赋有时候只是一个命运的诅咒而已。由于政府和医疗机构对他的能力产生了莫大的兴趣，从小克里斯就厌倦了那些足以让他呕吐的各项身体研究、检察、试验，他悄悄地隐瞒了自己的能力，改了名字之后低调地生活在拉斯维加斯，表演一些廉价的小杂耍以求糊口……当他非常缺钱的时候，也会破例用自己的超能力在21点的牌桌上赚点外块。\n　　但是，克里斯那对时间超敏感的感知能力是不可能完全被人忽视的……拉斯维加斯赌场的警卫就通过监视器一直密切地注意着他的一举一动，想知道他到底使用了什么样的方法，可以在赌桌上无往不利。而FBI反恐特工凯莉·弗瑞斯也对他虎视眈眈；因为她想借着他的超能力，揪出对美国政府进行核威胁的恐怖分子，消除一直弥漫在华盛顿上空的死亡警报。\n　　随着核弹头的计时器在嘀嗒前进，克里斯成了能够解开这场核屠杀的关键所在，虽然他可以对天发誓，自己轻易就能躲避开凯莉的追捕，别人的死活干他鸟事……可是当他发现自己未来孩子的妈莉兹也卷入进来之后，就再也无法袖手旁观了。','../image/movie/52507.jpg','http://www.mtime.com/movie/52507/trailer/13895.html',NULL,NULL,'美国'),(57801,'女人不坏','徐克',' 周迅  桂纶镁  张雨绮  ','爱情/喜剧','　　在北京这个崭新崛起的大都会，三个不坏的女人，三段妙趣横生的爱情故事。\n　　唐露(张雨绮 饰)，美艳绝伦，情场不败之宅男杀手，不相信爱情，只相信钞票跟自己的脑袋。这么独立自主的新女性，竟然还是陷入爱里？而且对象还真是叫人出乎意料的……阿呆。呆男配上新时代熟女，这段恋情有希望吗？\n　　泛泛(周迅 饰)，虽然长相平凡，倒追真命天子却很有一套！秘密就在于她的医生职业，外加她那好奇宝宝的科学精神，让她对男性身体的了若指掌…不料，这竟在最关键的一刻，成了新恋情的最大危机？\n　　铁菱(桂纶镁 饰)，摇滚乐团主唱兼拳击手，身边是不缺苍蝇飞来绕去，但却整日只活在自己的想像世界里。这可苦了痴心相随的粉丝追求者，谁晓得这个怪丫头要到哪一天才会“醒过来”发现完美男人就在眼前？\n　　引领中国风尚的北京，一场浪漫、喜趣又充满时尚魅力的爱情冒险，正在发生！\n　　这是发生在北京，关于爱情、女性、时尚的21世纪新喜剧。三个不坏的女人，一个号称“无敌”── 三十一岁的唐露 (\n张雨绮\n 饰)。她的美貌让男人飞蛾扑火，也是她事业成功的利器。她不信爱情，也不信IQ不若三围卖钱。偏偏她遇上了对她绝缘的男教授。她不婚却为工作向教授求爱，竟惨遭拒绝，首尝败绩。她想追究原因，真相却让人出乎意外……\n　　第二个女人泛泛 (\n周迅\n 饰)，体检中心的验身员，长相平凡之外还是个四眼蛙，直肠触检的技术比追男仔的功夫好上一万倍。她利用对男人的了解和科学实验的精神，找到她的真命天子。但她追男成功的秘密，也成了她这段恋情的最大危机……\n　　乐团主唱兼拳击手十项全能的铁菱 (\n桂纶镁\n 饰) 是第三个女人。她拥有完美的男友，但他只活在她的幻想中。铁菱的追求者想尽办法想把她拉回现实，但她只想留在幻想世界。直到有一天，她发现幻想中的男人就在她眼前。她要不要跟着完美男人走？她犹豫了……\n　　三个女人，三种遭遇，发生在引领中国风尚的北京。这是一场浪漫、喜趣又充满时尚魅力的爱情冒险。\n ','../image/movie/57801.jpg','http://www.mtime.com/movie/57801/trailer/15231.html',NULL,NULL,'中国/香港'),(80074,'叶问','叶伟信',' 甄子丹  任达华  池内博之  ','动作/历史/传记','　　一九三零年代，中国武术之都的佛山，武风顶盛，各门各派为广纳门徒，经常集体比斗以显实力。叶问(甄子丹饰)习得一身武艺但为人低调，故未有设馆授徒，只待在家中与友人闭门切磋、钻研武术。\n　　以金山找(樊少皇饰)为首的北方武师，为了在佛山扬名立万，遂狠狠挫下各派馆主。金山找为搏得佛山市民的认同，决意挑战不问世事的叶问，且不惜一切逼叶问出手。叶问在妻子张永成(熊黛林饰)的鼓励下毅然出手，以熟练的咏春拳大胜金山找。经此一役，佛山掀起了炽盛的咏春热潮。\n　　好景不常，中日战争爆发，佛山沦陷，叶家大宅被日军强占，叶问被迫带着妻儿移居废屋。叶问一家生活艰苦，但叶问仍积极面对，一改阔少的态度，到煤炭厂当苦力，自力更生。众中国人默默耕耘之际，一批日军却前来生事，陪伴着日军主任佐腾旁边的翻译官，竟是昔日的佛山巡警李钊(林家栋饰)。\n　　日本将军三蒲(池内博之饰)是一名武痴，故以白米作奖赏，邀请中国人到打斗场与日军切磋，藉以观摩中国武术。叶问的好友武痴林(行宇饰)于打斗场内侮辱三蒲，被活生生击毙。叶问为寻找武痴林，到打斗场查看，甫一进场即见廖师傅被佐腾无理射杀。叶问遂把心中悲愤于打斗场上发泄出来，以一敌十，痛击日本人。三蒲对叶问的身手大为欣赏，并表示期待与叶问一战。\n　　叶问的挚友周清泉(任达华饰)被沦为山贼的金山找勒索。周清泉为养活一众工人，未有弃厂撤离，令叶问明白到每人都有其使命，遂留在棉花厂教众工人以咏春自卫。金山找再次来袭，一众工友在叶问带领下齐起以咏春反抗，一众卑微的工人竟能以自己的拳头击退山贼，大感振奋。\n　　三蒲带兵至棉花厂捉拿叶问，要求叶问向日军传授中国武术。叶问不甘作汉奸，且欲替中国人挽回尊严，遂公然挑战三蒲，要以双拳唤起中国人的团结心。三蒲自视甚高，为保名声毅然应战。佐腾为保三蒲胜出竟暗设埋伏，叶问未知已身陷危机，以咏春力战三蒲的空手道，二人在擂台上展开激烈生死决战。','../image/movie/80074.jpg','http://www.mtime.com/movie/80074/trailer/15318.html',NULL,NULL,'香港'),(45897,'梅兰芳','陈凯歌',' 黎明  章子怡  余少群  ','剧情/传记/历史','　　《梅兰芳》将以10年为一个段落，截取梅兰芳不同年龄段的故事。在影片中除了梅兰芳之外，以齐如山为原形的邱如白将成为戏份最重的角色之一。可以说整部《梅兰芳》基本上就是围绕着这两个人之间的故事展开的，而以梅兰芳引路人和保护者自居的邱如白因为不能忍受梅兰芳和孟小东的爱情，在幕后导演了刺杀梅兰芳的事件。\n　　梅兰芳人生的第一个竞争对手就是和梅家有三代情义的老艺人“十三燕”。梅兰芳的出现，动摇了十三燕的地位。决战不可避免，但是梅兰芳第一场就输了，他还有两天的时间可以挽回败局。不顾众人的反对，梅兰芳改演时装新戏，结果大获成功。胜负已定，梅兰芳劝说十三燕放弃第三天的演出，却遭到了十三燕的拒绝。 \n　　梅兰芳渐入中年，有了妻子福芝芳（陈红饰）和可爱的孩子们，他的事业如日中天。1929年，他接到了赴美国演出的邀请。在京剧舞台上专门扮演男人的女艺人孟小冬（章子怡饰）第一次见到梅兰芳就看到了他眼中的忧郁，而她开阔爽朗的性格感染了梅兰芳。他们同台演出，有了一种把自己同对方糅在一起共同分享的愿望。这时，梅兰芳的妻子福芝芳对孟小冬说，他不是你的，也不是我的，他是座儿（观众）的。 \n　　梅兰芳因为日本对中国的侵略，决定不再登台演出，在梅兰芳多次拒绝日本军队对他发出的演出邀请时，却吃惊地听到了自己即将复出的消息，而向社会公布这条消息的，正是匿名的邱如白（孙红雷饰）。','../image/movie/45897.jpg','http://www.mtime.com/movie/45897/trailer/15036.html',NULL,NULL,'中国'),(84647,'非诚勿扰','冯小刚',' 葛优  舒淇  胡可  ','爱情/喜剧','        葛优扮演的有“特殊才能”的“海归”，想通过征婚的方式解决终身大事，影片的故事由此展开。\n　　秦奋(\n葛优\n饰)的天才发明被风险投资人(\n范伟\n饰)出天价买断。一夜暴富的这位“剩男”揣着家底开始了“征婚”旅程。漫漫“征途”上，各怀心事者纷至沓来，一段“人间喜剧”演出2008世间百态。几经周折后，秦奋终遇倾心佳人梁笑笑(\n舒淇\n饰)。无奈，美人心有所属。秦奋究竟如何逆流而上？几番悲欣交集后，有志者事竟成！秦奋终于带着他的真爱开始一段全新征程。','../image/movie/84647.jpg','http://www.mtime.com/movie/84647/trailer/15632.html',NULL,NULL,'中国'),(75819,'大搜查','麦兆辉庄文强',' 郑秀文  陈奕迅  张国立  ','惊悚/犯罪/喜剧','　　经营非法红油的黑道油王霍青松，因一次油车爆炸意外，成为香港警方及国内公安眼中钉，生意被迫停顿，家族中人叛意渐生，竞争对手步步进迫，腹背受敌。霍青松表面毫无招架之力，实质几个月来暗中苦心经营。岂料事成之日，扭转败局之际，独生子竟绑架！\n　　高级督察司徒慕莲是警队明日之星，以精明干练见称警界，天生一颗冷冷的心，虽则利于侦查罪案，可是对感情生活却是束手无策，苦恋男友十多年一直嫁杏无期，眼看快要变成高龄产妇，决要与男友一刀两断之时，竟接到侦查霍青松之子绑架案的任务！儿子被绑，霍青松心焦如焚，动员全帮上下追查，得到情报指竞争对手从内地调动人马对付青松！正当手下总动员准备向对手开战之时，司徒慕莲带队进驻霍家！本来开战之议，青松也是举棋不定，因他知手下都是见风驶舵之徒，儿子被绑更是有人里应外合，所有手下尽皆不可信。听着慕莲分析案情，青松为救儿子，决定与警方合作。警方启动最高行动机制，命名“成龙行动”。全港警察以至内地公安亦要随时候命！公安队长赵天河被召加入，对于行动内容毫不知情。当时的他一心只想亲手拘捕几个月前油车爆炸案的幕后黑手。\n　　几个月前，赵天河接获线报，策动围捕红油集团，行动中追截的油车意外翻侧，压倒一架私家车，发生爆炸，车上一对母子在天河面前活活烧死，天河大受打击，幸得死者丈夫徐半山谅解，两人结成知交！黑白两道携手合作简直是天荒夜谭，双方冲突连连，侦查行动寸步难移，慕莲发现自己怀了身孕，陷于情感危机；青松救子心切又要保住帮派，左右做人难；赵天河发现绑架案事主竟是青松，勃然大怒！救回肉参的机会越趋渺茫之际，一次帮派大战令慕莲和青松化敌为友；同时，赵天河发现绑架案黑手竟是矢志报仇的徐半山……\n　　悠长黑色，中港两地数十油车无端爆炸，警方公安空群而出，极速追捕！天亮之际，绑匪徐半山竟然自投罗网！与此同时，霍青松在警方海陆空保护下前往交换人质，谁料前来交易的，竟是公安队长赵天河……','../image/movie/75819.jpg','http://www.mtime.com/movie/75819/trailer/15148.html',NULL,NULL,'香港/中国'),(51238,'闪电狗','克里斯·威廉姆斯拜恩·霍华德',' 约翰·特拉沃塔  麦莉·赛勒斯  马尔科姆·麦克道威尔  ','动画/奇幻/喜剧/家庭','　　儆恶惩奸、维持正义的“闪电狗”波特，大声一吠令地动山摇、眼中怒火令坏蛋烧焦――这些全都是电视剧中的情节，在镜头以外，波特只是一只平凡的小狗。\n　　一次意外，波特由好莱坞片场被送到千里之外的纽约，没想到波特原来一直以为自己真的拥有超乎常人的力量，决定展开一场惊天动地的正义之旅！为了直击邪恶核心，他先捉了大坏蛋“碧眼狐佬”的得力助手小黑猫咪咪，再认识了一只经常幻想勇闯龙潭的电视迷仓鼠阿诺，展开一次做英雄惨过做坏蛋的爆笑大冒险！\n　　波特是一只知名小狗，它是当红影集《闪电狗》里的第一男主角，在剧里饰演一只有超能力的狗，总是在主人危难时伸出援手，因为戏中剧情需要，波特每天都过着精采刺激、冒险般的生活。\n　　在一次的运送过程当中，波特意外被遗弃到人生地不熟的纽约，为了重返好莱坞，它展开一段真正的冒险旅程。自以为具有超能力的波特，在途中结识了两位怪异的旅伴——一只是在外流浪已久的小黑猫咪咪、以及一只困在玻璃球内，超爱看电视的肥胖仓鼠阿诺。在他们的帮助下，波特发现自己不需拥有超能力也能成为英雄……','../image/movie/51238.jpg','http://www.mtime.com/movie/51238/trailer/15304.html',NULL,NULL,'美国'),(45728,'桃花运','马俪文',' 葛优  范冰冰  邬君梅  ','剧情/喜剧/爱情','　　这是一群身份、年龄各异的都市男女，他们中有想把贞操保留到世界末日的“剩女”，有绝望的主妇，也有一心只吊金龟婿的摩登女郎；有寻找靠谱伴侣的海归，也有只想追中年妇女的……桃花运以不同的方式降临在他们身上，相同的是，它们都发生得突如其来，挥之不去。\n　　故事的主线人物是一位风流倜傥的中年男子王奔（\n葛优\n饰），他结识了单身妈妈叶（\n邬君梅\n饰），王奔的追求温柔而有力，暧昧而有礼，风趣而有节，让失魂落魄的叶重燃爱火。直到有两个声称是王奔女友的陌生女人（\n范冰冰\n、\n丛珊\n饰）找上门来，王奔也失踪不见，这突然到访的桃花运，是上天钦赐的爱情，还是精心策划的骗局？与此同时，还有另外几段艳遇在这个城市分别上演又互相牵连，最终这些人，如何成就一段段麻辣搞笑，浪漫喜剧的“有情人终成眷属”？','../image/movie/45728.jpg','http://www.mtime.com/movie/45728/trailer/14718.html',NULL,NULL,'中国'),(76187,'圣诞传说','卓哈·沃里诸基',' 汉努·珀卡·卓克曼  奥特·嘎斯塔夫逊  约翰·特托罗  ','奇幻/剧情/家庭','　　有一年圣诞节，剧作家Marko Leino接到了他有生以来最难忘的一通电话。电话的那一头说道，希望能把自己童年以及怎样成为一位特殊人物的真实故事讲述给世人。\n　　后来，Leino去芬兰拉普兰的Korvatunturi（耳朵山）拜访了几次圣诞老人的居所，他由此确信，那位打电话给他的正是这位也是唯一的圣诞老人。这部电影就是讲述了圣诞老人自己讲述的故事……\n　　Nikolas住在芬兰的一个小岛上，从小就失去了自己的亲人，一直被村里的邻居照顾抚养长大。每到圣诞节的时候，他就要从一户人家搬到另一户人家。为了表达他的感谢，每年他要离开的晚上，Nikolas就自己用刀子刻木头的小礼物送给抚养过他的家庭中的小朋友们。很多年过去了，抚养过他的家庭越来越多，在圣诞节的早晨，几乎村里每户人家都会发现门口摆放的小礼物。\n　　某一年，村子遭受了饥荒。村民们不得不把Nikolas送去给木工Lisakki做学徒。在Lisakki神奇的作坊里，Nikolas经历了苦难，同时他神秘的任务也正式开始。一个又一个圣诞节接踵而至，圣诞礼物的传统在诞生之初便遭受着挑战。面对着重重障碍，一刻懂得感恩的心让Nikolas义无反顾的、倔强的坚持着。\n　　Nikolas坚持了下来，他的诚意和善良打动了身边一个又一个人。相信他的人越来越多，帮助他的人越来越多，而Nikolas依然坚持着他的单纯和善良。随着时间的流逝，他蓄起了满脸的白胡子……\n　　最终，Nikolas成为了传说中的圣诞老人。他有自己的驯鹿，有自己的雪橇，有忠诚于自己的永远的朋友，还有无数乐于替自己延续传统的善良的人。而他自己则身着红衣，在一片银装素裹梦境般的世界里任意遨游，拉着装满玩具和礼物的雪橇挨家挨户给每个孩子送礼物，为越来越多的人带来希望与欢乐。\n　　影片以第一人称的形式讲述了圣诞老人不为人知的孩提时期。 很久以前，一个孩子开启了一项神秘的任务，从此，世界上最伟大的传奇故事诞生了。在只有5个小时白天、日日为冬的北欧，尼古拉斯怀念早逝的父母和妹妹，感恩所有帮助过他的人们。从年轻小伙子到胡须雪白的慈祥老头，他就住在童话般漫山雪花的山顶，日日准备大家喜欢的礼物，似乎他只为每年的平安夜而存在。而这一切的缘由又是什么？圣诞老人娓娓地把他自己的故事讲给你听...','../image/movie/76187.jpg','http://www.mtime.com/movie/76187/trailer/15226.html',NULL,NULL,'芬兰'),(11183,'极地特快','罗伯特·泽米吉斯',' 汤姆·汉克斯  迈克尔·杰特  克里斯·科波拉  ','奇幻/家庭/冒险/动画','　　圣诞老人是圣诞节的象征，传说中的圣诞老人会在圣诞前夜驾着由驯鹿拉的雪橇，将礼物送到千家万户。然而，随着人类社会的不断进步，已经没有什么人再相信这个流传了很久的传说，没有人再相信圣诞老人的存在了。然而，小男孩克劳斯(乔什·哈切森配音)却不这么认为，尽管他的父母和周围的朋友都告诉他圣诞老人只不过是个虚构的人物，他本身根本就不存在，但克劳斯却坚持相信圣诞老人的存在，因此，克劳斯经常会遭到同伴的嘲笑，但他始终没有动摇他的信念。\n　　圣诞老人真的存在吗？当玩伴和家人坚持他只是虚构的，任何儿童都会产生怀疑。但是，一个小男孩的坚持终于获得了回报。圣诞前夕，他在恍惚中睡着，忽然地板开始颤抖，桌上的器皿哗哗作响，随着汽笛声呜呜长鸣，一列神秘的火车停在门前，他紧张地打开房门，看见一个和蔼的列车长，列车长邀请他乘车旅行，前往北极参加圣诞庆典。 \n　　小男孩惊讶极了，惴惴不安地答应下来，登上火车后，他又发现更多的小伙伴，大家在一起开开心心，经历了一场难忘的旅程。火车的终点站终于到达，孩子们欢快地跳下火车，北极城的圣诞庆典正式开始，所有人都沉浸在欢乐的气氛中。这时，一个圣诞老人走到小男孩面前，和蔼地询问他需要什么礼物，小男孩嗫嚅地说，他只想要驯鹿身上的一个小铃当。但是回家的时候，小男孩不小心弄丢了铃当，他伤心极了。没想到第二天醒来，他发现小铃当就完好无损地摆在圣诞树下，母亲看到后非常惊讶，不过她认为铃当坏掉了。其实小男孩心里非常清楚，只有相信圣诞老人的人，才能听到小铃当清脆的响声……\n　　小男孩克劳斯坚持相信圣诞老人的存在，尽管他的父母和周围的朋友都告诉他圣诞老人不存在。他坚毅终于赢得了回报，一个圣诞节前夜，极地特快停在他家门口，列车长(汉克斯)带他和他的朋友上车去极地见圣诞老人。\n　　冰雪覆盖的小镇，小男孩克劳斯正在熟睡中等待圣诞老人的到来，不料却被窗外的火车汽笛声吵醒，小男孩打开门，发现极地特快停在他家门口，列车长(汉克斯)带他和他的朋友上车去极地见圣诞老人，于是一场通往极地的冒险展开了，最终小男孩如愿以偿见到了圣诞老人，并且得到了心爱的礼物，从此，小男孩更加坚信圣诞老人的存在了。\n根据克里斯·凡·阿尔斯伯格的著名儿童小说改编。当成人世界人人都说圣诞老人是假的，你如何坚持自己的信念呢？圣诞前夕，一个男孩终于得到了验证的机会：一列蒸气火车停到他家门口，然后载着他上北极拜访圣诞老人，他在车上认识了车长，这段旅途从而改变了男孩的信念。','../image/movie/11183.jpg','',NULL,NULL,'美国');
/*!40000 ALTER TABLE `movie` ENABLE KEYS */;
UNLOCK TABLES;

--
-- Table structure for table `movieCategory`
--

DROP TABLE IF EXISTS `movieCategory`;
SET @saved_cs_client     = @@character_set_client;
SET character_set_client = utf8;
CREATE TABLE `movieCategory` (
  `id` int(11) NOT NULL auto_increment,
  `name` varchar(40) NOT NULL,
  `parent` int(11) default '1',
  PRIMARY KEY  (`id`),
  KEY `parent` (`parent`)
) ENGINE=MyISAM AUTO_INCREMENT=18 DEFAULT CHARSET=utf8;
SET character_set_client = @saved_cs_client;

--
-- Dumping data for table `movieCategory`
--

LOCK TABLES `movieCategory` WRITE;
/*!40000 ALTER TABLE `movieCategory` DISABLE KEYS */;
INSERT INTO `movieCategory` VALUES (1,'未分类',1),(2,'战争',1),(3,'动作',1),(4,'喜剧',1),(5,'战争',1),(6,'科幻',1),(7,'犯罪',1),(8,'剧情',1),(9,'恐怖',1),(10,'惊悚',1),(11,'冒险',1),(12,'奇幻',1),(13,'爱情',1),(14,'伦理',1),(15,'音乐',1),(16,'动画',1),(17,'记录',1);
/*!40000 ALTER TABLE `movieCategory` ENABLE KEYS */;
UNLOCK TABLES;

--
-- Table structure for table `movieinfo`
--

DROP TABLE IF EXISTS `movieinfo`;
SET @saved_cs_client     = @@character_set_client;
SET character_set_client = utf8;
CREATE TABLE `movieinfo` (
  `id` int(11) NOT NULL auto_increment,
  `hdate` varchar(20) default NULL,
  `htime` varchar(80) default NULL,
  `cinema` int(11) default NULL,
  `movie` int(11) default NULL,
  `price` int(11) default NULL,
  `cinemaname` varchar(80) default NULL,
  PRIMARY KEY  (`id`),
  KEY `cinema` (`cinema`),
  KEY `movie` (`movie`)
) ENGINE=MyISAM AUTO_INCREMENT=93 DEFAULT CHARSET=utf8;
SET character_set_client = @saved_cs_client;

--
-- Dumping data for table `movieinfo`
--

LOCK TABLES `movieinfo` WRITE;
/*!40000 ALTER TABLE `movieinfo` DISABLE KEYS */;
INSERT INTO `movieinfo` VALUES (1,'12月30日','18:40',9,52507,NULL,'洪山礼堂'),(2,'12月30日','18:00',5,52507,NULL,'湖北剧院银兴电影城'),(3,'12月30日','09:30|10:10|11:10|12:50|14:30|17:40|20:30|21:20',NULL,52507,NULL,'武汉影城'),(4,'12月30日','11:00|18:20',1,52507,NULL,'武汉环银电影城'),(5,'12月30日','11:10|13:30|15:45|18:05|20:25|23:10',NULL,57801,NULL,'武汉金逸国际电影城'),(6,'12月30日','12:00|18:10|21:40',8,57801,NULL,'武汉银兴艺术影城'),(7,'12月30日','11:00|14:20|16:50|19:10|21:30',6,57801,NULL,'武汉万达国际影城'),(8,'12月30日','14:35',7,57801,NULL,'亚贸兴汇'),(9,'12月30日','12:00|17:35',1,57801,NULL,'武汉环银电影城'),(10,'12月30日','10:20',5,57801,NULL,'湖北剧院银兴电影城'),(11,'12月30日','11:40|18:25|22:00',10,57801,NULL,'天汇影城'),(12,'12月30日','10:20|11:20|12:20|13:20|14:20|15:20|16:20|17:20|18:20|19:20|20:20|21:20|22:20|23',NULL,80074,NULL,'武汉金逸国际电影城'),(13,'12月30日','11:35|16:40|21:10|21:40|23:00',4,80074,NULL,'江汉环球电影城'),(14,'12月30日','12:40|16:20|20:05',12,80074,NULL,'武汉新民众环艺影城'),(15,'12月30日','10:30|12:50|15:00|17:10|19:30|21:40',6,80074,NULL,'武汉万达国际影城'),(16,'12月30日','09:50|16:50|21:30',7,80074,NULL,'亚贸兴汇'),(17,'12月30日','10:10|14:00|16:00|19:15|20:45|22:30',1,80074,NULL,'武汉环银电影城'),(18,'12月30日','10:00|12:00|13:55|15:50|17:50|19:50|21:45',10,80074,NULL,'天汇影城'),(19,'12月30日','10:30|12:50|14:20|16:15|19:00|21:00',2,80074,NULL,'湖北鑫乐银兴电影城'),(20,'12月30日','20:30',9,45897,NULL,'洪山礼堂'),(21,'12月30日','10:45|13:35|16:25|19:15|20:25|22:05',NULL,45897,NULL,'武汉金逸国际电影城'),(22,'12月30日','19:10',8,45897,NULL,'武汉银兴艺术影城'),(23,'12月30日','12:20|14:50|20:10',NULL,45897,NULL,'武汉影城'),(24,'12月30日','12:00',6,45897,NULL,'武汉万达国际影城'),(25,'12月30日','11:50|18:50',7,45897,NULL,'亚贸兴汇'),(26,'12月30日','11:15|12:40|16:30',1,45897,NULL,'武汉环银电影城'),(27,'12月30日','10:30|12:30|15:10|19:40',5,45897,NULL,'湖北剧院银兴电影城'),(28,'12月30日','12:10|14:00|15:00',10,45897,NULL,'天汇影城'),(29,'12月30日','11:20|12:30|13:20|15:10|18:30|21:20',2,45897,NULL,'湖北鑫乐银兴电影城'),(30,'12月30日','19:30|20:30|21:30',9,84647,NULL,'洪山礼堂'),(31,'12月30日','10:00|10:35|11:10|11:45|12:20|12:55|13:30|14:05|14:40|15:15|15:50|16:25|17:00|17',NULL,84647,NULL,'武汉金逸国际电影城'),(32,'12月30日','09:50|10:20|11:00|12:00|12:35|13:10|14:10|14:50|15:20|16:15|17:00|17:30|18:20|19',4,84647,NULL,'江汉环球电影城'),(33,'12月30日','10:50|11:30|12:05|13:10|13:50|14:25|15:30|16:10|16:45|17:50|18:30|19:05|20:15|20',12,84647,NULL,'武汉新民众环艺影城'),(34,'12月30日','10:30|13:00|14:00|16:00|17:30|18:40|19:40|20:20|21:00',8,84647,NULL,'武汉银兴艺术影城'),(35,'12月30日','10:30|12:20|13:00|14:40|15:20|17:00|17:40|19:20|20:20|20:30|21:00',NULL,84647,NULL,'武汉影城'),(36,'12月30日','10:40|11:30|12:10|13:20|14:00|14:40|15:10|16:00|16:40|17:20|18:00|18:40|19:20|20',6,84647,NULL,'武汉万达国际影城'),(37,'12月30日','10:00|10:35|11:20|12:20|12:50|13:40|14:40|15:10|16:00|17:00|17:30|18:20|19:20|19',7,84647,NULL,'亚贸兴汇'),(38,'12月30日','10:20|12:30|14:40|16:50|19:00|21:05',11,84647,NULL,'武昌电影院'),(39,'12月30日','10:30|11:30|12:30|13:20|14:20|15:05|15:50|16:50|18:00|19:20|20:00|20:30|21:15|21',1,84647,NULL,'武汉环银电影城'),(40,'12月30日','10:00|11:30|12:20|13:10|13:50|14:40|15:30|16:10|17:00|17:50|18:30|19:20|20:10|21',5,84647,NULL,'湖北剧院银兴电影城'),(41,'12月30日','10:50|11:50|13:15|14:10|14:50|15:40|16:30|17:10|18:00|19:00|19:40|20:20|20:55|21',10,84647,NULL,'天汇影城'),(42,'12月30日','11:00|12:00|13:00|14:00|15:20|16:00|16:30|18:10|19:20|20:00|20:30|21:40',2,84647,NULL,'湖北鑫乐银兴电影城'),(43,'12月30日','10:10|11:50|13:30|15:10|16:50|18:30|20:10|21:50|23:30',NULL,75819,NULL,'武汉金逸国际电影城'),(44,'12月30日','10:00|13:20|15:00|18:30|20:05',4,75819,NULL,'江汉环球电影城'),(45,'12月30日','11:00|14:35|18:20|22:05',12,75819,NULL,'武汉新民众环艺影城'),(46,'12月30日','10:50|12:40|14:30|16:25|18:20|20:20|22:15',6,75819,NULL,'武汉万达国际影城'),(47,'12月30日','09:45|11:30|13:15|15:00|16:50|18:35|20:20|22:00',7,75819,NULL,'亚贸兴汇'),(48,'12月30日','14:50|17:15|19:50|21:30',1,75819,NULL,'武汉环银电影城'),(49,'12月30日','09:40|11:20|16:20|18:00|19:40',NULL,75819,NULL,'武汉影城'),(50,'12月30日','10:30|11:30|13:25|16:40|17:40|19:15|20:35',10,75819,NULL,'天汇影城'),(51,'12月30日','10:30|12:40|14:50|17:00|19:10|21:20|23:30',NULL,51238,NULL,'武汉金逸国际电影城'),(52,'12月30日','09:40|10:40|11:20|12:20|14:00|15:40|16:35|17:20|18:05|18:55|19:35|20:45|22:20',4,51238,NULL,'江汉环球电影城'),(53,'12月30日','11:15|13:20|15:25|17:30|19:30|21:35',12,51238,NULL,'武汉新民众环艺影城'),(54,'12月30日','13:30|15:40|17:40|19:45|21:50',6,51238,NULL,'武汉万达国际影城'),(55,'12月30日','10:50|12:40|14:30|16:20|18:10|20:00|21:50',7,51238,NULL,'亚贸兴汇'),(56,'12月30日','15:25|19:00',1,51238,NULL,'武汉环银电影城'),(57,'12月30日','15:30|18:00|20:20',2,51238,NULL,'湖北鑫乐银兴电影城'),(58,'12月30日','09:20|11:10|13:10|15:10|17:10|19:10|21:10',11,45728,NULL,'武昌电影院'),(59,'12月30日','10:10',NULL,76187,NULL,'武汉金逸国际电影城'),(60,'12月30日','11:50|13:40|15:30|17:15|19:00|20:50|22:40',6,76187,NULL,'武汉万达国际影城'),(61,'12月30日','11:20|13:25|15:35|17:45|19:55',12,11183,NULL,'武汉新民众环艺影城'),(62,'12月31日',NULL,12,51238,NULL,'武汉新民众环艺影城'),(63,'12月31日',NULL,12,75819,NULL,'武汉新民众环艺影城'),(64,'12月31日',NULL,12,80074,NULL,'武汉新民众环艺影城'),(65,'12月31日',NULL,12,84647,NULL,'武汉新民众环艺影城'),(66,'12月31日',NULL,12,11183,NULL,'武汉新民众环艺影城'),(67,'12月31日',NULL,6,51238,NULL,'武汉万达国际影城'),(68,'12月31日',NULL,6,75819,NULL,'武汉万达国际影城'),(69,'12月31日',NULL,6,76187,NULL,'武汉万达国际影城'),(70,'12月31日',NULL,6,80074,NULL,'武汉万达国际影城'),(71,'12月31日',NULL,6,57801,NULL,'武汉万达国际影城'),(72,'12月31日',NULL,6,84647,NULL,'武汉万达国际影城'),(73,'12月31日',NULL,6,45897,NULL,'武汉万达国际影城'),(74,'12月31日',NULL,3,75819,NULL,'武汉中影天河国际影城'),(75,'12月31日',NULL,3,80074,NULL,'武汉中影天河国际影城'),(76,'12月31日',NULL,3,57801,NULL,'武汉中影天河国际影城'),(77,'12月31日',NULL,3,84647,NULL,'武汉中影天河国际影城'),(78,'12月31日',NULL,3,45897,NULL,'武汉中影天河国际影城'),(79,'12月31日',NULL,1,51238,NULL,'武汉环银电影城'),(80,'12月31日',NULL,1,75819,NULL,'武汉环银电影城'),(81,'12月31日',NULL,1,80074,NULL,'武汉环银电影城'),(82,'12月31日',NULL,1,57801,NULL,'武汉环银电影城'),(83,'12月31日',NULL,1,84647,NULL,'武汉环银电影城'),(84,'12月31日',NULL,1,45897,NULL,'武汉环银电影城'),(85,'12月31日',NULL,1,52507,NULL,'武汉环银电影城'),(86,'12月31日',NULL,5,84647,NULL,'湖北剧院银兴电影城'),(87,'12月31日',NULL,5,45897,NULL,'湖北剧院银兴电影城'),(88,'12月31日',NULL,5,52507,NULL,'湖北剧院银兴电影城'),(89,'12月31日',NULL,2,51238,NULL,'湖北鑫乐银兴电影城'),(90,'12月31日',NULL,2,80074,NULL,'湖北鑫乐银兴电影城'),(91,'12月31日',NULL,2,84647,NULL,'湖北鑫乐银兴电影城'),(92,'12月31日',NULL,2,45897,NULL,'湖北鑫乐银兴电影城');
/*!40000 ALTER TABLE `movieinfo` ENABLE KEYS */;
UNLOCK TABLES;

--
-- Table structure for table `notify`
--

DROP TABLE IF EXISTS `notify`;
SET @saved_cs_client     = @@character_set_client;
SET character_set_client = utf8;
CREATE TABLE `notify` (
  `id` int(11) NOT NULL auto_increment,
  `user` varchar(20) NOT NULL,
  `notetype` char(1) default NULL,
  `movie` int(11) default NULL,
  PRIMARY KEY  (`id`),
  KEY `user` (`user`),
  KEY `movie` (`movie`)
) ENGINE=MyISAM DEFAULT CHARSET=utf8;
SET character_set_client = @saved_cs_client;

--
-- Dumping data for table `notify`
--

LOCK TABLES `notify` WRITE;
/*!40000 ALTER TABLE `notify` DISABLE KEYS */;
/*!40000 ALTER TABLE `notify` ENABLE KEYS */;
UNLOCK TABLES;

--
-- Table structure for table `reminder`
--

DROP TABLE IF EXISTS `reminder`;
SET @saved_cs_client     = @@character_set_client;
SET character_set_client = utf8;
CREATE TABLE `reminder` (
  `id` int(11) NOT NULL auto_increment,
  `notetype` char(1) default NULL,
  `user` varchar(20) NOT NULL,
  `hwhen` mediumtext,
  `content` varchar(200) default NULL,
  PRIMARY KEY  (`id`),
  KEY `user` (`user`)
) ENGINE=MyISAM AUTO_INCREMENT=5 DEFAULT CHARSET=utf8;
SET character_set_client = @saved_cs_client;

--
-- Dumping data for table `reminder`
--

LOCK TABLES `reminder` WRITE;
/*!40000 ALTER TABLE `reminder` DISABLE KEYS */;
INSERT INTO `reminder` VALUES (1,'S','hankjin','1229225883937','Hello, It is time'),(3,'S','admin','1228880815000','你好'),(4,'E','admin','1229572092000','你好，什么事情啊，好的\r\n我一定去		');
/*!40000 ALTER TABLE `reminder` ENABLE KEYS */;
UNLOCK TABLES;

--
-- Table structure for table `test`
--

DROP TABLE IF EXISTS `test`;
SET @saved_cs_client     = @@character_set_client;
SET character_set_client = utf8;
CREATE TABLE `test` (
  `user` text,
  `pass` varchar(10) default NULL
) ENGINE=MyISAM DEFAULT CHARSET=utf8;
SET character_set_client = @saved_cs_client;

--
-- Dumping data for table `test`
--

LOCK TABLES `test` WRITE;
/*!40000 ALTER TABLE `test` DISABLE KEYS */;
/*!40000 ALTER TABLE `test` ENABLE KEYS */;
UNLOCK TABLES;

--
-- Table structure for table `user`
--

DROP TABLE IF EXISTS `user`;
SET @saved_cs_client     = @@character_set_client;
SET character_set_client = utf8;
CREATE TABLE `user` (
  `id` varchar(20) NOT NULL,
  `pass` varchar(20) NOT NULL,
  `name` varchar(20) default NULL,
  `gender` char(1) default NULL,
  `birthday` datetime default NULL,
  `hobby` varchar(200) default NULL,
  `phone` char(11) default NULL,
  `email` varchar(40) default NULL,
  PRIMARY KEY  (`id`)
) ENGINE=MyISAM DEFAULT CHARSET=utf8;
SET character_set_client = @saved_cs_client;

--
-- Dumping data for table `user`
--

LOCK TABLES `user` WRITE;
/*!40000 ALTER TABLE `user` DISABLE KEYS */;
INSERT INTO `user` VALUES ('hankjin','hjz','灭度','F','1970-01-01 00:00:00','haha','13647289143','hankjin@163.com'),('admin','admin','管理员','','1970-01-01 00:00:00','动作片','13647289143','admin@movie.cnkk.org'),('hujizhu','123','','','1970-01-01 00:00:00','','',''),('test','test','','','1970-01-01 00:00:00','','',''),('test1','test','','','1970-01-01 00:00:00','','',''),('test2','hjz','测试2','','1970-01-01 00:00:00','456','123','test@movie.cnkk.org'),('123','123','','','1970-01-01 00:00:00','','','');
/*!40000 ALTER TABLE `user` ENABLE KEYS */;
UNLOCK TABLES;

--
-- Table structure for table `website`
--

DROP TABLE IF EXISTS `website`;
SET @saved_cs_client     = @@character_set_client;
SET character_set_client = utf8;
CREATE TABLE `website` (
  `id` int(11) NOT NULL auto_increment,
  `url` varchar(200) default NULL,
  `parser` varchar(20) default NULL,
  `note` varchar(200) default NULL,
  PRIMARY KEY  (`id`)
) ENGINE=MyISAM AUTO_INCREMENT=10 DEFAULT CHARSET=utf8;
SET character_set_client = @saved_cs_client;

--
-- Dumping data for table `website`
--

LOCK TABLES `website` WRITE;
/*!40000 ALTER TABLE `website` DISABLE KEYS */;
INSERT INTO `website` VALUES (6,'http://www.mtime.com/showtime/','MtimeParser','Mtime时光网'),(7,'http://www.deyi.com/thread-2145-1-1.html','DYbbsParser','得意生活论坛'),(4,'http://movie.cnkk.org','MovieParser','haha'),(5,'http://www.google.cn/movies?sc=1&hl=zh-CN&sort=1&near=%E6%AD%A6%E6%B1%89%E5%B8%82&rl=1','GoogleParser','谷歌的影视搜索'),(8,'http://www.mvgod.com/theater/WuHan/WHZYTH/','YXnetParser','影讯网'),(9,'http://qbar.qq.com/yingxun04/l-1188282296.htm','YMXHqqParser','qq上的武汉亚贸兴汇影城');
/*!40000 ALTER TABLE `website` ENABLE KEYS */;
UNLOCK TABLES;
/*!40103 SET TIME_ZONE=@OLD_TIME_ZONE */;

/*!40101 SET SQL_MODE=@OLD_SQL_MODE */;
/*!40014 SET FOREIGN_KEY_CHECKS=@OLD_FOREIGN_KEY_CHECKS */;
/*!40014 SET UNIQUE_CHECKS=@OLD_UNIQUE_CHECKS */;
/*!40101 SET CHARACTER_SET_CLIENT=@OLD_CHARACTER_SET_CLIENT */;
/*!40101 SET CHARACTER_SET_RESULTS=@OLD_CHARACTER_SET_RESULTS */;
/*!40101 SET COLLATION_CONNECTION=@OLD_COLLATION_CONNECTION */;
/*!40111 SET SQL_NOTES=@OLD_SQL_NOTES */;

-- Dump completed on 2008-12-30 13:04:27
